No,報告自治体,実施主体_主体,実施主体_部局,産地_都道府県,産地_市町村,非流通品/流通品,備考,食品カテゴリ,品目,検査機関,検査法(Ge/NaI),採取日(購入日),結果判明日,I131(Bq/kg),Cs134(Bq/kg),Cs137(Bq/kg)
1,札幌市,札幌市,保健福祉局,福島県,いわき市,流通品,-,野菜類,トマト,札幌市衛生研究所,Ge,H24.3.26,H24.3.27,<4,<4,-
2,札幌市,札幌市,保健福祉局,茨城県,水戸市,流通品,-,野菜類,ニンジン,札幌市衛生研究所,Ge,H24.3.26,H24.3.27,<4,<4,-
3,札幌市,札幌市,保健福祉局,山形県,酒田市,流通品,-,野菜類,ナメコ,札幌市衛生研究所,Ge,H24.3.26,H24.3.27,<4,4,-
4,札幌市,札幌市,保健福祉局,宮城県,南三陸町,流通品,-,野菜類,メカブ,札幌市衛生研究所,Ge,H24.3.26,H24.3.27,<4,<4,-
5,札幌市,札幌市,保健福祉局,千葉県,九十九里町,流通品,房総沖,水産物,メザシ（カタクチイワシ）,札幌市衛生研究所,Ge,H24.3.26,H24.3.27,<4,<4,-
6,岩手県,岩手県,農林水産部,岩手県,一関市,非流通品,-,野菜類,原木生しいたけ（施設）,岩手県環境保健研究センター,Ge,H24.3.23,H24.3.26,<5.4,8.4,18
7,岩手県,岩手県,農林水産部,岩手県,大船渡市,非流通品,-,野菜類,原木生しいたけ（施設）,岩手県環境保健研究センター,Ge,H24.3.23,H24.3.26,<9.7,22,30
8,岩手県,岩手県,農林水産部,岩手県,紫波町,非流通品,-,野菜類,原木生しいたけ（施設）,岩手県環境保健研究センター,Ge,H24.3.26,H24.3.26,<6.7,<10,<8.6
9,岩手県,岩手県,農林水産部,岩手県,釜石市,非流通品,釜石市沖,水産物,エゾメバル,（財）日本分析センター,Ge,H24.3.15,H24.3.23,<4.4,<5.9,<5.1
10,岩手県,岩手県,農林水産部,岩手県,釜石市,非流通品,釜石市沖,水産物,ババガレイ,いであ（株）,Ge,H24.3.15,H24.3.23,<4.3,<4.7,<4.3
11,岩手県,岩手県,農林水産部,岩手県,釜石市,非流通品,釜石市沖,水産物,アカガレイ,いであ（株）,Ge,H24.3.15,H24.3.24,<5.6,<7.4,<6.2
12,岩手県,岩手県,農林水産部,岩手県,釜石市,非流通品,釜石市沖,水産物,ミギガレイ,いであ（株）,Ge,H24.3.15,H24.3.24,<6.2,<6.7,<6.4
13,岩手県,岩手県,農林水産部,岩手県,釜石市,非流通品,釜石市沖,水産物,ムシガレイ,いであ（株）,Ge,H24.3.15,H24.3.23,<3.7,<4.4,<5.9
14,岩手県,岩手県,農林水産部,岩手県,釜石市,非流通品,釜石市沖,水産物,ヒレグロ,いであ（株）,Ge,H24.3.15,H24.3.24,<5.5,<6.1,<6.6
15,岩手県,岩手県,農林水産部,岩手県,釜石市,非流通品,釜石市沖,水産物,アイナメ,いであ（株）,Ge,H24.3.15,H24.3.23,<4.0,<4.2,<4.8
16,岩手県,岩手県,農林水産部,岩手県,釜石市,非流通品,釜石市沖,水産物,マアナゴ,いであ（株）,Ge,H24.3.16,H24.3.24,<5.5,<6.7,<7.8
17,岩手県,岩手県,農林水産部,岩手県,釜石市,非流通品,釜石市沖,水産物,エゾイソアイナメ,東北緑化環境保全（株）,Ge,H24.3.15,H24.3.23,<5.7,<5.1,<5.4
18,岩手県,岩手県,農林水産部,岩手県,釜石市,非流通品,釜石市沖,水産物,ギス,（株）総合水研究所,Ge,H24.3.15,H24.3.23,<3.5,<6.1,<9.3
19,岩手県,岩手県,農林水産部,岩手県,釜石市,非流通品,釜石市沖,水産物,ニジカジカ,東北緑化環境保全（株）,Ge,H24.3.15,H24.3.23,<5.5,<5.5,<5.3
20,岩手県,岩手県,農林水産部,岩手県,釜石市,非流通品,釜石市沖,水産物,ケムシカジカ,いであ（株）,Ge,H24.3.15,H24.3.23,<3.9,<4.8,<5.0
21,岩手県,岩手県,農林水産部,岩手県,釜石市,非流通品,釜石市沖,水産物,ナガヅカ,いであ（株）,Ge,H24.3.15,H24.3.23,<4.0,<5.4,<5.3
22,岩手県,岩手県,農林水産部,岩手県,釜石市,非流通品,釜石市沖,水産物,ヤナギダコ,いであ（株）,Ge,H24.3.15,H24.3.23,<4.6,<5.1,<4.8
23,岩手県,岩手県,農林水産部,岩手県,釜石市,非流通品,釜石市沖,水産物,アヤボラ,いであ（株）,Ge,H24.3.16,H24.3.24,<5.9,<7.8,<7.6
24,岩手県,岩手県,農林水産部,岩手県,-,非流通品,岩手県沖,水産物,サメガレイ,いであ（株）,Ge,H24.3.21,H24.3.24,<5.6,<6.8,<7.0
25,岩手県,岩手県,農林水産部,岩手県,-,非流通品,岩手県沖,水産物,アブラツノザメ,（株）総合水研究所,Ge,H24.3.21,H24.3.24,<5.0,<5.9,<7.8
26,岩手県,岩手県,農林水産部,岩手県,田野畑村,非流通品,田野畑村沖,水産物,ツノナシオキアミ,（株）総合水研究所,Ge,H24.3.21,H24.3.23,<5.6,<6.1,<7.3
27,岩手県,岩手県,農林水産部,岩手県,一関市,非流通品,磐井川,水産物,イワナ,いであ（株）,Ge,H24.3.17,H24.3.24,<6.9,73,98
28,岩手県,岩手県,農林水産部,岩手県,一関市,非流通品,砂鉄川,水産物,イワナ,いであ（株）,Ge,H24.3.18,H24.3.24,<6.7,53,86
29,岩手県,岩手県,農林水産部,岩手県,住田町,非流通品,気仙川,水産物,ヤマメ,いであ（株）,Ge,H24.3.21,H24.3.26,<6.8,43,56
30,岩手県,岩手県,農林水産部,岩手県,住田町,非流通品,大股川,水産物,ヤマメ,いであ（株）,Ge,H24.3.22,H24.3.26,<7.2,26,50
31,岩手県,岩手県,農林水産部,岩手県,奥州市,非流通品,衣川,水産物,ヤマメ,いであ（株）,Ge,H24.3.16,H24.3.24,<7.3,78,100
32,岩手県,岩手県,農林水産部,岩手県,一関市,非流通品,磐井川,水産物,ヤマメ,いであ（株）,Ge,H24.3.17,H24.3.24,<6.1,41,60
33,岩手県,岩手県,農林水産部,岩手県,一関市,非流通品,砂鉄川,水産物,ヤマメ,いであ（株）,Ge,H24.3.16,H24.3.24,<4.8,36,42
34,岩手県,岩手県,農林水産部,岩手県,一関市,非流通品,砂鉄川,水産物,ヤマメ,いであ（株）,Ge,H24.3.18,H24.3.24,<5.7,42,56
35,岩手県,岩手県,農林水産部,岩手県,住田町,非流通品,気仙川,水産物,ウグイ,いであ（株）,Ge,H24.3.21,H24.3.26,<6.6,51,100
36,岩手県,岩手県,農林水産部,岩手県,一関市,非流通品,砂鉄川,水産物,ウグイ,いであ（株）,Ge,H24.3.18,H24.3.24,<5.9,76,100
37,岩手県,岩手県,農林水産部,岩手県,一関市,非流通品,大川,水産物,ウグイ,いであ（株）,Ge,H24.3.16,H24.3.24,<7.7,79,110
38,岩手県,岩手県,農林水産部,岩手県,一関市,非流通品,津谷川,水産物,ウグイ,いであ（株）,Ge,H24.3.15,H24.3.24,<5.3,25,41
39,岩手県,岩手県,農林水産部,岩手県,北上市,非流通品,-,肉・卵,牛肉,岩手県岩畜検査室,NaI,H24.3.26,H24.3.27,-,<25,<25
40,岩手県,岩手県,農林水産部,岩手県,北上市,非流通品,-,肉・卵,牛肉,岩手県岩畜検査室,NaI,H24.3.26,H24.3.27,-,<25,<25
41,岩手県,岩手県,農林水産部,岩手県,北上市,非流通品,-,肉・卵,牛肉,岩手県岩畜検査室,NaI,H24.3.26,H24.3.27,-,<25,<25
42,岩手県,岩手県,農林水産部,岩手県,山田町,非流通品,-,肉・卵,牛肉,岩手県岩畜検査室,NaI,H24.3.26,H24.3.27,-,<25,<25
43,岩手県,岩手県,農林水産部,岩手県,山田町,非流通品,-,肉・卵,牛肉,岩手県岩畜検査室,NaI,H24.3.26,H24.3.27,-,<25,<25
44,岩手県,岩手県,農林水産部,岩手県,雫石町,非流通品,-,肉・卵,牛肉,岩手県岩畜検査室,NaI,H24.3.26,H24.3.27,-,<25,<25
45,岩手県,岩手県,農林水産部,岩手県,雫石町,非流通品,-,肉・卵,牛肉,岩手県岩畜検査室,NaI,H24.3.26,H24.3.27,-,<25,<25
46,岩手県,岩手県,農林水産部,岩手県,雫石町,非流通品,-,肉・卵,牛肉,岩手県岩畜検査室,NaI,H24.3.26,H24.3.27,-,<25,<25
47,岩手県,岩手県,農林水産部,岩手県,雫石町,非流通品,-,肉・卵,牛肉,岩手県岩畜検査室,NaI,H24.3.26,H24.3.27,-,<25,<25
48,岩手県,岩手県,農林水産部,岩手県,雫石町,非流通品,-,肉・卵,牛肉,岩手県岩畜検査室,NaI,H24.3.26,H24.3.27,-,<25,<25
49,岩手県,岩手県,農林水産部,岩手県,雫石町,非流通品,-,肉・卵,牛肉,岩手県岩畜検査室,NaI,H24.3.26,H24.3.27,-,<25,<25
50,岩手県,岩手県,農林水産部,岩手県,奥州市,非流通品,-,肉・卵,牛肉,岩手県岩畜検査室,NaI,H24.3.26,H24.3.27,-,<25,<25
51,岩手県,岩手県,農林水産部,岩手県,北上市,非流通品,-,肉・卵,牛肉,岩手県岩畜検査室,NaI,H24.3.26,H24.3.27,-,<25,<25
52,岩手県,岩手県,農林水産部,岩手県,北上市,非流通品,-,肉・卵,牛肉,岩手県岩畜検査室,NaI,H24.3.26,H24.3.27,-,<25,<25
53,岩手県,岩手県,農林水産部,岩手県,北上市,非流通品,-,肉・卵,牛肉,岩手県岩畜検査室,NaI,H24.3.26,H24.3.27,-,<25,<25
54,岩手県,岩手県,農林水産部,岩手県,雫石町,非流通品,-,肉・卵,牛肉,岩手県岩畜検査室,NaI,H24.3.26,H24.3.27,-,<25,<25
55,岩手県,岩手県,農林水産部,岩手県,雫石町,非流通品,-,肉・卵,牛肉,岩手県岩畜検査室,NaI,H24.3.26,H24.3.27,-,<25,<25
56,岩手県,岩手県,農林水産部,岩手県,岩手町,非流通品,-,肉・卵,牛肉,岩手県岩畜検査室,NaI,H24.3.26,H24.3.27,-,<25,<25
57,岩手県,岩手県,農林水産部,岩手県,岩手町,非流通品,-,肉・卵,牛肉,岩手県岩畜検査室,NaI,H24.3.26,H24.3.27,-,<25,<25
58,岩手県,岩手県,農林水産部,岩手県,岩手町,非流通品,-,肉・卵,牛肉,岩手県岩畜検査室,NaI,H24.3.26,H24.3.27,-,<25,<25
59,岩手県,岩手県,農林水産部,岩手県,一戸町,非流通品,-,肉・卵,牛肉,岩手県岩畜検査室,NaI,H24.3.26,H24.3.27,-,<25,<25
60,岩手県,岩手県,農林水産部,岩手県,一戸町,非流通品,-,肉・卵,牛肉,岩手県岩畜検査室,NaI,H24.3.26,H24.3.27,-,<25,<25
61,岩手県,岩手県,農林水産部,岩手県,一戸町,非流通品,-,肉・卵,牛肉,岩手県岩畜検査室,NaI,H24.3.26,H24.3.27,-,<25,<25
62,岩手県,岩手県,農林水産部,岩手県,山田町,非流通品,-,肉・卵,牛肉,岩手県岩畜検査室,NaI,H24.3.26,H24.3.27,-,<25,<25
63,岩手県,岩手県,農林水産部,岩手県,山田町,非流通品,-,肉・卵,牛肉,岩手県岩畜検査室,NaI,H24.3.26,H24.3.27,-,<25,<25
64,岩手県,岩手県,農林水産部,岩手県,住田町,非流通品,-,肉・卵,牛肉,岩手県岩畜検査室,NaI,H24.3.26,H24.3.27,-,<25,<25
65,岩手県,岩手県,農林水産部,岩手県,二戸市,非流通品,-,肉・卵,牛肉,岩手県岩畜検査室,NaI,H24.3.26,H24.3.27,-,<25,<25
66,岩手県,岩手県,農林水産部,岩手県,一戸町,非流通品,-,肉・卵,牛肉,岩手県岩畜検査室,NaI,H24.3.26,H24.3.27,-,<25,<25
67,秋田県,秋田県,農林部局,秋田県,羽後町,非流通品,全頭検査,肉・卵,牛肉,（株）秋田県分析化学センター,NaI,H24.3.12,H24.3.13,-,<50,-
68,秋田県,秋田県,農林部局,秋田県,羽後町,非流通品,全頭検査,肉・卵,牛肉,（株）秋田県分析化学センター,NaI,H24.3.12,H24.3.13,-,<50,-
69,秋田県,秋田県,農林部局,秋田県,羽後町,非流通品,全頭検査,肉・卵,牛肉,（株）秋田県分析化学センター,NaI,H24.3.12,H24.3.13,-,<50,-
70,秋田県,秋田県,農林部局,秋田県,羽後町,非流通品,全頭検査,肉・卵,牛肉,（株）秋田県分析化学センター,NaI,H24.3.12,H24.3.13,-,<50,-
71,秋田県,秋田県,農林部局,秋田県,羽後町,非流通品,全頭検査,肉・卵,牛肉,（株）秋田県分析化学センター,NaI,H24.3.12,H24.3.13,-,<50,-
72,秋田県,秋田県,農林部局,秋田県,羽後町,非流通品,全頭検査,肉・卵,牛肉,（株）秋田県分析化学センター,NaI,H24.3.12,H24.3.13,-,<50,-
73,秋田県,秋田県,農林部局,秋田県,大館市,非流通品,全頭検査,肉・卵,牛肉,（株）秋田県分析化学センター,NaI,H24.3.12,H24.3.13,-,<50,-
74,秋田県,秋田県,農林部局,秋田県,大館市,非流通品,全頭検査,肉・卵,牛肉,（株）秋田県分析化学センター,NaI,H24.3.12,H24.3.13,-,<50,-
75,秋田県,秋田県,農林部局,秋田県,大館市,非流通品,全頭検査,肉・卵,牛肉,（株）秋田県分析化学センター,NaI,H24.3.12,H24.3.13,-,<50,-
76,秋田県,秋田県,農林部局,秋田県,大館市,非流通品,全頭検査,肉・卵,牛肉,（株）秋田県分析化学センター,NaI,H24.3.12,H24.3.13,-,<50,-
77,秋田県,秋田県,農林部局,秋田県,大館市,非流通品,全頭検査,肉・卵,牛肉,（株）秋田県分析化学センター,NaI,H24.3.12,H24.3.13,-,<50,-
78,秋田県,秋田県,農林部局,秋田県,大館市,非流通品,全頭検査,肉・卵,牛肉,（株）秋田県分析化学センター,NaI,H24.3.12,H24.3.13,-,<50,-
79,秋田県,秋田県,農林部局,秋田県,大館市,非流通品,全頭検査,肉・卵,牛肉,（株）秋田県分析化学センター,NaI,H24.3.12,H24.3.13,-,<50,-
80,秋田県,秋田県,農林部局,秋田県,大館市,非流通品,全頭検査,肉・卵,牛肉,（株）秋田県分析化学センター,NaI,H24.3.12,H24.3.13,-,<50,-
81,秋田県,秋田県,農林部局,秋田県,大館市,非流通品,全頭検査,肉・卵,牛肉,（株）秋田県分析化学センター,NaI,H24.3.12,H24.3.13,-,<50,-
82,秋田県,秋田県,農林部局,秋田県,大館市,非流通品,全頭検査,肉・卵,牛肉,（株）秋田県分析化学センター,NaI,H24.3.12,H24.3.13,-,<50,-
83,秋田県,秋田県,農林部局,秋田県,大館市,非流通品,全頭検査,肉・卵,牛肉,（株）秋田県分析化学センター,NaI,H24.3.12,H24.3.13,-,<50,-
84,秋田県,秋田県,農林部局,秋田県,大館市,非流通品,全頭検査,肉・卵,牛肉,（株）秋田県分析化学センター,NaI,H24.3.12,H24.3.13,-,<50,-
85,秋田県,秋田県,農林部局,秋田県,藤里町,非流通品,全頭検査,肉・卵,牛肉,（株）秋田県分析化学センター,NaI,H24.3.12,H24.3.13,-,<50,-
86,秋田県,秋田県,農林部局,秋田県,藤里町,非流通品,全頭検査,肉・卵,牛肉,（株）秋田県分析化学センター,NaI,H24.3.12,H24.3.13,-,<50,-
87,秋田県,秋田県,農林部局,秋田県,藤里町,非流通品,全頭検査,肉・卵,牛肉,（株）秋田県分析化学センター,NaI,H24.3.12,H24.3.13,-,<50,-
88,秋田県,秋田県,農林部局,秋田県,藤里町,非流通品,全頭検査,肉・卵,牛肉,（株）秋田県分析化学センター,NaI,H24.3.12,H24.3.13,-,<50,-
89,秋田県,秋田県,農林部局,秋田県,能代市,非流通品,全頭検査,肉・卵,牛肉,（株）秋田県分析化学センター,NaI,H24.3.12,H24.3.13,-,<50,-
90,秋田県,秋田県,農林部局,秋田県,横手市,非流通品,全頭検査,肉・卵,牛肉,（株）秋田県分析化学センター,NaI,H24.3.12,H24.3.13,-,<50,-
91,秋田県,秋田県,農林部局,秋田県,横手市,非流通品,全頭検査,肉・卵,牛肉,（株）秋田県分析化学センター,NaI,H24.3.13,H24.3.14,-,<50,-
92,秋田県,秋田県,農林部局,秋田県,横手市,非流通品,全頭検査,肉・卵,牛肉,（株）秋田県分析化学センター,NaI,H24.3.13,H24.3.14,-,<50,-
93,秋田県,秋田県,農林部局,秋田県,潟上市,非流通品,全頭検査,肉・卵,牛肉,（株）秋田県分析化学センター,NaI,H24.3.13,H24.3.14,-,<50,-
94,秋田県,秋田県,農林部局,秋田県,潟上市,非流通品,全頭検査,肉・卵,牛肉,（株）秋田県分析化学センター,NaI,H24.3.13,H24.3.14,-,<50,-
95,秋田県,秋田県,農林部局,秋田県,仙北市,非流通品,全頭検査,肉・卵,牛肉,（株）秋田県分析化学センター,NaI,H24.3.13,H24.3.14,-,<50,-
96,秋田県,秋田県,農林部局,秋田県,仙北市,非流通品,全頭検査,肉・卵,牛肉,（株）秋田県分析化学センター,NaI,H24.3.13,H24.3.14,-,<50,-
97,秋田県,秋田県,農林部局,秋田県,秋田市,非流通品,全頭検査,肉・卵,牛肉,（株）秋田県分析化学センター,NaI,H24.3.13,H24.3.14,-,<50,-
98,秋田県,秋田県,農林部局,秋田県,由利本荘市,非流通品,全頭検査,肉・卵,牛肉,（株）秋田県分析化学センター,NaI,H24.3.13,H24.3.14,-,<50,-
99,秋田県,秋田県,農林部局,秋田県,由利本荘市,非流通品,全頭検査,肉・卵,牛肉,（株）秋田県分析化学センター,NaI,H24.3.13,H24.3.14,-,<50,-
100,秋田県,秋田県,農林部局,秋田県,秋田市,非流通品,全頭検査,肉・卵,牛肉,（株）秋田県分析化学センター,NaI,H24.3.13,H24.3.14,-,<50,-
101,秋田県,秋田県,農林部局,秋田県,男鹿市,非流通品,全頭検査,肉・卵,牛肉,（株）秋田県分析化学センター,NaI,H24.3.13,H24.3.14,-,<50,-
102,秋田県,秋田県,農林部局,秋田県,北秋田市,非流通品,全頭検査,肉・卵,牛肉,（株）秋田県分析化学センター,NaI,H24.3.13,H24.3.14,-,<50,-
103,秋田県,秋田県,農林部局,秋田県,北秋田市,非流通品,全頭検査,肉・卵,牛肉,（株）秋田県分析化学センター,NaI,H24.3.13,H24.3.14,-,<50,-
104,秋田県,秋田県,農林部局,秋田県,北秋田市,非流通品,全頭検査,肉・卵,牛肉,（株）秋田県分析化学センター,NaI,H24.3.13,H24.3.14,-,<50,-
105,秋田県,秋田県,農林部局,秋田県,北秋田市,非流通品,全頭検査,肉・卵,牛肉,（株）秋田県分析化学センター,NaI,H24.3.13,H24.3.14,-,<50,-
106,秋田県,秋田県,農林部局,秋田県,北秋田市,非流通品,全頭検査,肉・卵,牛肉,（株）秋田県分析化学センター,NaI,H24.3.13,H24.3.14,-,<50,-
107,秋田県,秋田県,農林部局,秋田県,大仙市,非流通品,全頭検査,肉・卵,牛肉,秋田県健康環境センター,Ge,H24.3.13,H24.3.14,<0.74,<0.91,<0.88
108,秋田県,秋田県,農林部局,秋田県,横手市,非流通品,CS,乳・乳製品,原乳,秋田県健康環境センター,Ge,H24.3.13,H24.3.13,<0.54,<0.67,<0.76
109,秋田県,秋田県,農林部局,秋田県,にかほ市,非流通品,全頭検査,肉・卵,牛肉,（株）秋田県分析化学センター,NaI,H24.3.14,H24.3.15,-,<50,-
110,秋田県,秋田県,農林部局,秋田県,にかほ市,非流通品,全頭検査,肉・卵,牛肉,（株）秋田県分析化学センター,NaI,H24.3.14,H24.3.15,-,<50,-
111,秋田県,秋田県,農林部局,秋田県,にかほ市,非流通品,全頭検査,肉・卵,牛肉,（株）秋田県分析化学センター,NaI,H24.3.14,H24.3.15,-,<50,-
112,秋田県,秋田県,農林部局,秋田県,仙北市,非流通品,全頭検査,肉・卵,牛肉,（株）秋田県分析化学センター,NaI,H24.3.14,H24.3.15,-,<50,-
113,秋田県,秋田県,農林部局,秋田県,能代市,非流通品,全頭検査,肉・卵,牛肉,（株）秋田県分析化学センター,NaI,H24.3.16,H24.3.17,-,<50,-
114,秋田県,秋田県,農林部局,秋田県,能代市,非流通品,全頭検査,肉・卵,牛肉,（株）秋田県分析化学センター,NaI,H24.3.16,H24.3.17,-,<50,-
115,秋田県,秋田県,農林部局,秋田県,能代市,非流通品,全頭検査,肉・卵,牛肉,（株）秋田県分析化学センター,NaI,H24.3.16,H24.3.17,-,<50,-
116,秋田県,秋田県,農林部局,秋田県,能代市,非流通品,全頭検査,肉・卵,牛肉,（株）秋田県分析化学センター,NaI,H24.3.16,H24.3.17,-,<50,-
117,秋田県,秋田県,農林部局,秋田県,能代市,非流通品,全頭検査,肉・卵,牛肉,（株）秋田県分析化学センター,NaI,H24.3.16,H24.3.17,-,<50,-
118,秋田県,秋田県,農林部局,秋田県,能代市,非流通品,全頭検査,肉・卵,牛肉,（株）秋田県分析化学センター,NaI,H24.3.16,H24.3.17,-,<50,-
119,秋田県,秋田県,農林部局,秋田県,能代市,非流通品,全頭検査,肉・卵,牛肉,（株）秋田県分析化学センター,NaI,H24.3.16,H24.3.17,-,<50,-
120,秋田県,秋田県,農林部局,秋田県,湯沢市,非流通品,全頭検査,肉・卵,牛肉,（株）秋田県分析化学センター,NaI,H24.3.16,H24.3.17,-,<50,-
121,秋田県,秋田県,農林部局,秋田県,湯沢市,非流通品,全頭検査,肉・卵,牛肉,（株）秋田県分析化学センター,NaI,H24.3.16,H24.3.17,-,<50,-
122,秋田県,秋田県,農林部局,秋田県,湯沢市,非流通品,全頭検査,肉・卵,牛肉,（株）秋田県分析化学センター,NaI,H24.3.16,H24.3.17,-,<50,-
123,秋田県,秋田県,農林部局,秋田県,湯沢市,非流通品,全頭検査,肉・卵,牛肉,（株）秋田県分析化学センター,NaI,H24.3.16,H24.3.17,-,<50,-
124,秋田県,秋田県,農林部局,秋田県,湯沢市,非流通品,全頭検査,肉・卵,牛肉,（株）秋田県分析化学センター,NaI,H24.3.16,H24.3.17,-,<50,-
125,秋田県,秋田県,農林部局,秋田県,由利本荘市,非流通品,全頭検査,肉・卵,牛肉,（株）秋田県分析化学センター,NaI,H24.3.16,H24.3.17,-,<50,-
126,秋田県,秋田県,農林部局,秋田県,由利本荘市,非流通品,全頭検査,肉・卵,牛肉,（株）秋田県分析化学センター,NaI,H24.3.16,H24.3.17,-,<50,-
127,秋田県,秋田県,農林部局,秋田県,由利本荘市,非流通品,全頭検査,肉・卵,牛肉,（株）秋田県分析化学センター,NaI,H24.3.16,H24.3.17,-,<50,-
128,秋田県,秋田県,農林部局,秋田県,由利本荘市,非流通品,全頭検査,肉・卵,牛肉,（株）秋田県分析化学センター,NaI,H24.3.16,H24.3.17,-,<50,-
129,秋田県,秋田県,農林部局,秋田県,由利本荘市,非流通品,全頭検査,肉・卵,牛肉,（株）秋田県分析化学センター,NaI,H24.3.16,H24.3.17,-,<50,-
130,秋田県,秋田県,農林部局,秋田県,羽後町,非流通品,全頭検査,肉・卵,牛肉,（株）秋田県分析化学センター,NaI,H24.3.16,H24.3.17,-,<50,-
131,秋田県,秋田県,農林部局,秋田県,羽後町,非流通品,全頭検査,肉・卵,牛肉,（株）秋田県分析化学センター,NaI,H24.3.16,H24.3.17,-,<50,-
132,秋田県,秋田県,農林部局,秋田県,由利本荘市,非流通品,全頭検査,肉・卵,牛肉,（株）秋田県分析化学センター,NaI,H24.3.16,H24.3.17,-,<50,-
133,秋田県,秋田県,農林部局,秋田県,由利本荘市,非流通品,全頭検査,肉・卵,牛肉,（株）秋田県分析化学センター,NaI,H24.3.16,H24.3.17,-,<50,-
134,秋田県,秋田県,農林部局,秋田県,由利本荘市,非流通品,全頭検査,肉・卵,牛肉,（株）秋田県分析化学センター,NaI,H24.3.16,H24.3.17,-,<50,-
135,秋田県,秋田県,農林部局,秋田県,羽後町,非流通品,全頭検査,肉・卵,牛肉,（株）秋田県分析化学センター,NaI,H24.3.16,H24.3.17,-,<50,-
136,秋田県,秋田県,農林部局,秋田県,羽後町,非流通品,全頭検査,肉・卵,牛肉,（株）秋田県分析化学センター,NaI,H24.3.16,H24.3.17,-,<50,-
137,秋田県,秋田県,農林部局,秋田県,横手市,非流通品,全頭検査,肉・卵,牛肉,（株）秋田県分析化学センター,NaI,H24.3.16,H24.3.17,-,<50,-
138,秋田県,秋田県,農林部局,秋田県,男鹿市,非流通品,全頭検査,肉・卵,牛肉,（株）秋田県分析化学センター,NaI,H24.3.19,H24.3.20,-,<50,-
139,秋田県,秋田県,農林部局,秋田県,北秋田市,非流通品,全頭検査,肉・卵,牛肉,（株）秋田県分析化学センター,NaI,H24.3.19,H24.3.20,-,<50,-
140,秋田県,秋田県,農林部局,秋田県,北秋田市,非流通品,全頭検査,肉・卵,牛肉,（株）秋田県分析化学センター,NaI,H24.3.19,H24.3.20,-,<50,-
141,秋田県,秋田県,農林部局,秋田県,北秋田市,非流通品,全頭検査,肉・卵,牛肉,（株）秋田県分析化学センター,NaI,H24.3.19,H24.3.20,-,<50,-
142,秋田県,秋田県,農林部局,秋田県,北秋田市,非流通品,全頭検査,肉・卵,牛肉,（株）秋田県分析化学センター,NaI,H24.3.19,H24.3.20,-,<50,-
143,秋田県,秋田県,農林部局,秋田県,鹿角市,非流通品,全頭検査,肉・卵,牛肉,（株）秋田県分析化学センター,NaI,H24.3.19,H24.3.20,-,<50,-
144,秋田県,秋田県,農林部局,秋田県,鹿角市,非流通品,全頭検査,肉・卵,牛肉,（株）秋田県分析化学センター,NaI,H24.3.19,H24.3.20,-,<50,-
145,秋田県,秋田県,農林部局,秋田県,鹿角市,非流通品,全頭検査,肉・卵,牛肉,（株）秋田県分析化学センター,NaI,H24.3.19,H24.3.20,-,<50,-
146,秋田県,秋田県,農林部局,秋田県,鹿角市,非流通品,全頭検査,肉・卵,牛肉,（株）秋田県分析化学センター,NaI,H24.3.19,H24.3.20,-,<50,-
147,秋田県,秋田県,農林部局,秋田県,秋田市,非流通品,全頭検査,肉・卵,牛肉,（株）秋田県分析化学センター,NaI,H24.3.19,H24.3.20,-,<50,-
148,秋田県,秋田県,農林部局,秋田県,秋田市,非流通品,全頭検査,肉・卵,牛肉,（株）秋田県分析化学センター,NaI,H24.3.19,H24.3.20,-,<50,-
149,秋田県,秋田県,農林部局,秋田県,秋田市,非流通品,全頭検査,肉・卵,牛肉,（株）秋田県分析化学センター,NaI,H24.3.19,H24.3.20,-,<50,-
150,秋田県,秋田県,農林部局,秋田県,鹿角市,非流通品,全頭検査,肉・卵,牛肉,（株）秋田県分析化学センター,NaI,H24.3.19,H24.3.20,-,<50,-
151,秋田県,秋田県,農林部局,秋田県,鹿角市,非流通品,全頭検査,肉・卵,牛肉,（株）秋田県分析化学センター,NaI,H24.3.19,H24.3.20,-,<50,-
152,秋田県,秋田県,農林部局,秋田県,潟上市,非流通品,全頭検査,肉・卵,牛肉,（株）秋田県分析化学センター,NaI,H24.3.19,H24.3.20,-,<50,-
153,秋田県,秋田県,農林部局,秋田県,潟上市,非流通品,全頭検査,肉・卵,牛肉,（株）秋田県分析化学センター,NaI,H24.3.19,H24.3.20,-,<50,-
154,秋田県,秋田県,農林部局,秋田県,由利本荘市,非流通品,全頭検査,肉・卵,牛肉,（株）秋田県分析化学センター,NaI,H24.3.19,H24.3.20,-,<50,-
155,秋田県,秋田県,農林部局,秋田県,美郷町,非流通品,全頭検査,肉・卵,牛肉,（株）秋田県分析化学センター,NaI,H24.3.19,H24.3.20,-,<50,-
156,秋田県,秋田県,農林部局,秋田県,美郷町,非流通品,全頭検査,肉・卵,牛肉,（株）秋田県分析化学センター,NaI,H24.3.19,H24.3.20,-,<50,-
157,秋田県,秋田県,農林部局,秋田県,大仙市,非流通品,全頭検査,肉・卵,牛肉,（株）秋田県分析化学センター,NaI,H24.3.19,H24.3.20,-,<50,-
158,秋田県,秋田県,農林部局,秋田県,由利本荘市,非流通品,全頭検査,肉・卵,牛肉,（株）秋田県分析化学センター,NaI,H24.3.19,H24.3.20,-,<50,-
159,秋田県,秋田県,農林部局,秋田県,由利本荘市,非流通品,全頭検査,肉・卵,牛肉,（株）秋田県分析化学センター,NaI,H24.3.19,H24.3.20,-,<50,-
160,秋田県,秋田県,農林部局,秋田県,大仙市,非流通品,全頭検査,肉・卵,牛肉,（株）秋田県分析化学センター,NaI,H24.3.19,H24.3.20,-,<50,-
161,秋田県,秋田県,農林部局,秋田県,秋田市,非流通品,全頭検査,肉・卵,牛肉,秋田県健康環境センター,Ge,H24.3.19,H24.3.19,<0.78,2.1,2.7
162,秋田県,秋田県,農林部局,秋田県,大館市,非流通品,CS,乳・乳製品,原乳,秋田県健康環境センター,Ge,H24.3.19,H24.3.19,<0.60,<0.81,<0.69
163,秋田県,秋田県,農林部局,秋田県,大館市,非流通品,全頭検査,肉・卵,牛肉,（株）秋田県分析化学センター,NaI,H24.3.21,H24.3.22,-,<50,-
164,秋田県,秋田県,農林部局,秋田県,大館市,非流通品,全頭検査,肉・卵,牛肉,（株）秋田県分析化学センター,NaI,H24.3.21,H24.3.22,-,<50,-
165,秋田県,秋田県,農林部局,秋田県,大館市,非流通品,全頭検査,肉・卵,牛肉,（株）秋田県分析化学センター,NaI,H24.3.21,H24.3.22,-,<50,-
166,秋田県,秋田県,農林部局,秋田県,大潟村,非流通品,全頭検査,肉・卵,牛肉,（株）秋田県分析化学センター,NaI,H24.3.21,H24.3.22,-,<50,-
167,秋田県,秋田県,農林部局,秋田県,大潟村,非流通品,全頭検査,肉・卵,牛肉,（株）秋田県分析化学センター,NaI,H24.3.21,H24.3.22,-,<50,-
168,秋田県,秋田県,農林部局,秋田県,大潟村,非流通品,全頭検査,肉・卵,牛肉,（株）秋田県分析化学センター,NaI,H24.3.21,H24.3.22,-,<50,-
169,秋田県,秋田県,農林部局,秋田県,大潟村,非流通品,全頭検査,肉・卵,牛肉,（株）秋田県分析化学センター,NaI,H24.3.21,H24.3.22,-,<50,-
170,秋田県,秋田県,農林部局,秋田県,大潟村,非流通品,全頭検査,肉・卵,牛肉,（株）秋田県分析化学センター,NaI,H24.3.21,H24.3.22,-,<50,-
171,秋田県,秋田県,農林部局,秋田県,大潟村,非流通品,全頭検査,肉・卵,牛肉,（株）秋田県分析化学センター,NaI,H24.3.21,H24.3.22,-,<50,-
172,秋田県,秋田県,農林部局,秋田県,大潟村,非流通品,全頭検査,肉・卵,牛肉,（株）秋田県分析化学センター,NaI,H24.3.21,H24.3.22,-,<50,-
173,秋田県,秋田県,農林部局,秋田県,大潟村,非流通品,全頭検査,肉・卵,牛肉,（株）秋田県分析化学センター,NaI,H24.3.21,H24.3.22,-,<50,-
174,秋田県,秋田県,農林部局,秋田県,大潟村,非流通品,全頭検査,肉・卵,牛肉,（株）秋田県分析化学センター,NaI,H24.3.21,H24.3.22,-,<50,-
175,秋田県,秋田県,農林部局,秋田県,大潟村,非流通品,全頭検査,肉・卵,牛肉,（株）秋田県分析化学センター,NaI,H24.3.21,H24.3.22,-,<50,-
176,秋田県,秋田県,農林部局,秋田県,北秋田市,非流通品,全頭検査,肉・卵,牛肉,（株）秋田県分析化学センター,NaI,H24.3.21,H24.3.22,-,<50,-
177,秋田県,秋田県,農林部局,秋田県,美郷町,非流通品,全頭検査,肉・卵,牛肉,（株）秋田県分析化学センター,NaI,H24.3.21,H24.3.22,-,<50,-
178,秋田県,秋田県,農林部局,秋田県,北秋田市,非流通品,全頭検査,肉・卵,牛肉,（株）秋田県分析化学センター,NaI,H24.3.21,H24.3.22,-,<50,-
179,秋田県,秋田県,農林部局,秋田県,能代市,非流通品,全頭検査,肉・卵,牛肉,（株）秋田県分析化学センター,NaI,H24.3.23,H24.3.24,-,<50,-
180,秋田県,秋田県,農林部局,秋田県,能代市,非流通品,全頭検査,肉・卵,牛肉,（株）秋田県分析化学センター,NaI,H24.3.23,H24.3.24,-,<50,-
181,秋田県,秋田県,農林部局,秋田県,能代市,非流通品,全頭検査,肉・卵,牛肉,（株）秋田県分析化学センター,NaI,H24.3.23,H24.3.24,-,<50,-
182,秋田県,秋田県,農林部局,秋田県,能代市,非流通品,全頭検査,肉・卵,牛肉,（株）秋田県分析化学センター,NaI,H24.3.23,H24.3.24,-,<50,-
183,秋田県,秋田県,農林部局,秋田県,能代市,非流通品,全頭検査,肉・卵,牛肉,（株）秋田県分析化学センター,NaI,H24.3.23,H24.3.24,-,<50,-
184,秋田県,秋田県,農林部局,秋田県,能代市,非流通品,全頭検査,肉・卵,牛肉,（株）秋田県分析化学センター,NaI,H24.3.23,H24.3.24,-,<50,-
185,秋田県,秋田県,農林部局,秋田県,能代市,非流通品,全頭検査,肉・卵,牛肉,（株）秋田県分析化学センター,NaI,H24.3.23,H24.3.24,-,<50,-
186,秋田県,秋田県,農林部局,秋田県,能代市,非流通品,全頭検査,肉・卵,牛肉,（株）秋田県分析化学センター,NaI,H24.3.23,H24.3.24,-,<50,-
187,秋田県,秋田県,農林部局,秋田県,能代市,非流通品,全頭検査,肉・卵,牛肉,（株）秋田県分析化学センター,NaI,H24.3.23,H24.3.24,-,<50,-
188,秋田県,秋田県,農林部局,秋田県,能代市,非流通品,全頭検査,肉・卵,牛肉,（株）秋田県分析化学センター,NaI,H24.3.23,H24.3.24,-,<50,-
189,秋田県,秋田県,農林部局,秋田県,横手市,非流通品,全頭検査,肉・卵,牛肉,（株）秋田県分析化学センター,NaI,H24.3.23,H24.3.24,-,<50,-
190,秋田県,秋田県,農林部局,秋田県,湯沢市,非流通品,全頭検査,肉・卵,牛肉,（株）秋田県分析化学センター,NaI,H24.3.23,H24.3.24,-,<50,-
191,秋田県,秋田県,農林部局,秋田県,湯沢市,非流通品,全頭検査,肉・卵,牛肉,（株）秋田県分析化学センター,NaI,H24.3.23,H24.3.24,-,<50,-
192,秋田県,秋田県,農林部局,秋田県,湯沢市,非流通品,全頭検査,肉・卵,牛肉,（株）秋田県分析化学センター,NaI,H24.3.23,H24.3.24,-,<50,-
193,秋田県,秋田県,農林部局,秋田県,湯沢市,非流通品,全頭検査,肉・卵,牛肉,（株）秋田県分析化学センター,NaI,H24.3.23,H24.3.24,-,<50,-
194,秋田県,秋田県,農林部局,秋田県,湯沢市,非流通品,全頭検査,肉・卵,牛肉,（株）秋田県分析化学センター,NaI,H24.3.23,H24.3.24,-,<50,-
195,秋田県,秋田県,農林部局,秋田県,湯沢市,非流通品,全頭検査,肉・卵,牛肉,（株）秋田県分析化学センター,NaI,H24.3.23,H24.3.24,-,<50,-
196,秋田県,秋田県,農林部局,秋田県,湯沢市,非流通品,全頭検査,肉・卵,牛肉,（株）秋田県分析化学センター,NaI,H24.3.23,H24.3.24,-,<50,-
197,秋田県,秋田県,農林部局,秋田県,大仙市,非流通品,全頭検査,肉・卵,牛肉,（株）秋田県分析化学センター,NaI,H24.3.23,H24.3.24,-,<50,-
198,秋田県,秋田県,農林部局,秋田県,由利本荘市,非流通品,全頭検査,肉・卵,牛肉,（株）秋田県分析化学センター,NaI,H24.3.23,H24.3.24,-,<50,-
199,秋田県,秋田県,農林部局,秋田県,由利本荘市,非流通品,全頭検査,肉・卵,牛肉,（株）秋田県分析化学センター,NaI,H24.3.23,H24.3.24,-,<50,-
200,秋田県,秋田県,農林部局,秋田県,由利本荘市,非流通品,全頭検査,肉・卵,牛肉,（株）秋田県分析化学センター,NaI,H24.3.23,H24.3.24,-,<50,-
201,秋田県,秋田県,農林部局,秋田県,羽後町,非流通品,全頭検査,肉・卵,牛肉,（株）秋田県分析化学センター,NaI,H24.3.23,H24.3.24,-,<50,-
202,秋田県,秋田県,農林部局,秋田県,羽後町,非流通品,全頭検査,肉・卵,牛肉,（株）秋田県分析化学センター,NaI,H24.3.23,H24.3.24,-,<50,-
203,秋田県,秋田県,農林部局,秋田県,羽後町,非流通品,全頭検査,肉・卵,牛肉,（株）秋田県分析化学センター,NaI,H24.3.23,H24.3.24,-,<50,-
204,秋田県,秋田県,農林部局,秋田県,羽後町,非流通品,全頭検査,肉・卵,牛肉,（株）秋田県分析化学センター,NaI,H24.3.23,H24.3.24,-,<50,-
205,秋田県,秋田県,農林部局,秋田県,横手市,非流通品,全頭検査,肉・卵,牛肉,（株）秋田県分析化学センター,NaI,H24.3.23,H24.3.24,-,<50,-
206,山形県,山形県,農政部局,山形県,東根市,非流通品,全頭検査,肉・卵,牛肉,山形県農林水産部,NaI,-,H24.3.26,<25,<25,<25
207,山形県,山形県,農政部局,山形県,東根市,非流通品,全頭検査,肉・卵,牛肉,山形県農林水産部,NaI,-,H24.3.26,<25,<25,<25
208,山形県,山形県,農政部局,山形県,東根市,非流通品,全頭検査,肉・卵,牛肉,山形県農林水産部,NaI,-,H24.3.26,<25,<25,<25
209,山形県,山形県,農政部局,山形県,東根市,非流通品,全頭検査,肉・卵,牛肉,山形県農林水産部,NaI,-,H24.3.26,<25,<25,<25
210,山形県,山形県,農政部局,山形県,東根市,非流通品,全頭検査,肉・卵,牛肉,山形県農林水産部,NaI,-,H24.3.26,<25,<25,<25
211,山形県,山形県,農政部局,山形県,東根市,非流通品,全頭検査,肉・卵,牛肉,山形県農林水産部,NaI,-,H24.3.26,<25,<25,<25
212,山形県,山形県,農政部局,山形県,東根市,非流通品,全頭検査,肉・卵,牛肉,山形県農林水産部,NaI,-,H24.3.26,<25,<25,<25
213,山形県,山形県,農政部局,山形県,東根市,非流通品,全頭検査,肉・卵,牛肉,山形県農林水産部,NaI,-,H24.3.26,<25,<25,<25
214,山形県,山形県,農政部局,山形県,東根市,非流通品,全頭検査,肉・卵,牛肉,山形県農林水産部,NaI,-,H24.3.26,<25,<25,<25
215,山形県,山形県,農政部局,山形県,東根市,非流通品,全頭検査,肉・卵,牛肉,山形県農林水産部,NaI,-,H24.3.26,<25,<25,<25
216,山形県,山形県,農政部局,山形県,東根市,非流通品,全頭検査,肉・卵,牛肉,山形県農林水産部,NaI,-,H24.3.26,<25,<25,<25
217,山形県,山形県,農政部局,山形県,東根市,非流通品,全頭検査,肉・卵,牛肉,山形県農林水産部,NaI,-,H24.3.26,<25,<25,<25
218,山形県,山形県,農政部局,山形県,東根市,非流通品,全頭検査,肉・卵,牛肉,山形県農林水産部,NaI,-,H24.3.26,<25,<25,<25
219,山形県,山形県,農政部局,山形県,東根市,非流通品,全頭検査,肉・卵,牛肉,山形県農林水産部,NaI,-,H24.3.26,<25,<25,<25
220,山形県,山形県,農政部局,山形県,尾花沢市,非流通品,全頭検査,肉・卵,牛肉,山形県農林水産部,NaI,-,H24.3.26,<25,<25,<25
221,山形県,山形県,農政部局,山形県,尾花沢市,非流通品,全頭検査,肉・卵,牛肉,山形県農林水産部,NaI,-,H24.3.26,<25,<25,<25
222,山形県,山形県,農政部局,山形県,最上町,非流通品,全頭検査,肉・卵,牛肉,山形県農林水産部,NaI,-,H24.3.26,<25,<25,<25
223,山形県,山形県,農政部局,山形県,最上町,非流通品,全頭検査,肉・卵,牛肉,山形県農林水産部,NaI,-,H24.3.26,<25,<25,<25
224,山形県,山形県,農政部局,山形県,遊佐町,非流通品,全頭検査,肉・卵,牛肉,山形県農林水産部,NaI,-,H24.3.26,<25,<25,<25
225,山形県,山形県,農政部局,山形県,遊佐町,非流通品,全頭検査,肉・卵,牛肉,山形県農林水産部,NaI,-,H24.3.26,<25,<25,<25
226,山形県,山形県,農政部局,山形県,遊佐町,非流通品,全頭検査,肉・卵,牛肉,山形県農林水産部,NaI,-,H24.3.26,<25,<25,<25
227,山形県,山形県,農政部局,山形県,遊佐町,非流通品,全頭検査,肉・卵,牛肉,山形県農林水産部,NaI,-,H24.3.26,<25,<25,<25
228,山形県,山形県,農政部局,山形県,遊佐町,非流通品,全頭検査,肉・卵,牛肉,山形県農林水産部,NaI,-,H24.3.26,<25,<25,<25
229,山形県,山形県,農政部局,山形県,-,非流通品,上山市、南陽市、高畠町、川西町,乳・乳製品,原乳,山形県農林水産部,Ge,H24.3.27,H24.3.27,<0.50,<0.54,<0.48
230,茨城県,茨城県,農林水産部,茨城県,-,非流通品,日立市沖,水産物,エゾイソアイナメ,（財）海洋生物環境研究所,Ge,H24.3.20,H24.3.26,<4.6,11,11
231,茨城県,茨城県,農林水産部,茨城県,-,非流通品,鹿嶋市沖,水産物,エゾイソアイナメ,（財）海洋生物環境研究所,Ge,H24.3.20,H24.3.26,<0.60,14,19
232,茨城県,茨城県,農林水産部,茨城県,-,非流通品,神栖市沖,水産物,イナダ（ブリ幼魚）,（財）海洋生物環境研究所,Ge,H24.3.20,H24.3.26,<0.45,<0.70,<0.50
233,茨城県,茨城県,農林水産部,茨城県,-,非流通品,ひたちなか市沖,水産物,サヨリ,（財）海洋生物環境研究所,Ge,H24.3.21,H24.3.26,<0.57,1,2
234,茨城県,茨城県,農林水産部,茨城県,-,非流通品,日立市沖,水産物,シラウオ,（財）海洋生物環境研究所,Ge,H24.3.19,H24.3.26,<0.47,3,4
235,茨城県,茨城県,農林水産部,茨城県,-,非流通品,大洗町沖,水産物,マイワシ,（財）海洋生物環境研究所,Ge,H24.3.21,H24.3.26,<0.60,2,2
236,茨城県,茨城県,農林水産部,茨城県,-,非流通品,大洗町沖,水産物,アイナメ,（財）海洋生物環境研究所,Ge,H24.3.21,H24.3.26,<0.82,20,32
237,茨城県,茨城県,農林水産部,茨城県,-,非流通品,日立市沖,水産物,アオメエソ（メヒカリ）,（財）海洋生物環境研究所,Ge,H24.3.20,H24.3.26,<0.72,5,7
238,茨城県,茨城県,農林水産部,茨城県,-,非流通品,大洗町沖,水産物,アカエイ,（財）海洋生物環境研究所,Ge,H24.3.21,H24.3.26,<4.2,21,24
239,茨城県,茨城県,農林水産部,茨城県,-,非流通品,ひたちなか市沖,水産物,アカガレイ,（財）海洋生物環境研究所,Ge,H24.3.20,H24.3.26,<0.55,8,11
240,茨城県,茨城県,農林水産部,茨城県,-,非流通品,鹿嶋市沖,水産物,アカガレイ,（財）海洋生物環境研究所,Ge,H24.3.20,H24.3.26,<0.64,9,14
241,茨城県,茨城県,農林水産部,茨城県,-,非流通品,北茨城市沖,水産物,アカシタビラメ,（財）海洋生物環境研究所,Ge,H24.3.20,H24.3.26,<6.1,26,40
242,茨城県,茨城県,農林水産部,茨城県,-,非流通品,ひたちなか市沖,水産物,アンコウ,（財）海洋生物環境研究所,Ge,H24.3.19,H24.3.26,<0.67,19,26
243,茨城県,茨城県,農林水産部,茨城県,-,非流通品,日立市沖,水産物,ウスメバル,（財）海洋生物環境研究所,Ge,H24.3.22,H24.3.26,<6.4,20,31
244,茨城県,茨城県,農林水産部,茨城県,-,非流通品,神栖市沖,水産物,ウスメバル,（財）海洋生物環境研究所,Ge,H24.3.22,H24.3.26,<1.3,41,60
245,茨城県,茨城県,農林水産部,茨城県,-,非流通品,大洗町沖,水産物,カワハギ,（財）海洋生物環境研究所,Ge,H24.3.21,H24.3.26,<5.1,<8.0,<5.7
246,茨城県,茨城県,農林水産部,茨城県,-,非流通品,鹿嶋市沖,水産物,ギス,（財）海洋生物環境研究所,Ge,H24.3.20,H24.3.26,<0.47,1,1
247,茨城県,茨城県,農林水産部,茨城県,-,非流通品,ひたちなか市沖,水産物,クロメバル,（財）海洋生物環境研究所,Ge,H24.3.22,H24.3.26,<4.9,33,54
248,茨城県,茨城県,農林水産部,茨城県,-,非流通品,北茨城市沖,水産物,コモンカスベ,（財）海洋生物環境研究所,Ge,H24.3.20,H24.3.26,<5.3,86,100
249,茨城県,茨城県,農林水産部,茨城県,-,非流通品,大洗町沖,水産物,コモンカスベ,（財）海洋生物環境研究所,Ge,H24.3.21,H24.3.26,<0.72,16,23
250,茨城県,茨城県,農林水産部,茨城県,-,非流通品,日立市沖,水産物,サメガレイ,（財）海洋生物環境研究所,Ge,H24.3.19,H24.3.26,<5.1,<6.2,<5.3
251,茨城県,茨城県,農林水産部,茨城県,-,非流通品,ひたちなか市沖,水産物,サメガレイ,（財）海洋生物環境研究所,Ge,H24.3.19,H24.3.26,<4.2,<6.1,6
252,茨城県,茨城県,農林水産部,茨城県,-,非流通品,鹿嶋市沖,水産物,サメガレイ,（財）海洋生物環境研究所,Ge,H24.3.20,H24.3.26,<0.40,0.6,0.8
253,茨城県,茨城県,農林水産部,茨城県,-,非流通品,北茨城市沖,水産物,シャコ,（財）海洋生物環境研究所,Ge,H24.3.20,H24.3.26,<4.6,<6.1,6
254,茨城県,茨城県,農林水産部,茨城県,-,非流通品,大洗町沖,水産物,ショウサイフグ,（財）海洋生物環境研究所,Ge,H24.3.21,H24.3.26,<0.65,22,30
255,茨城県,茨城県,農林水産部,茨城県,-,非流通品,神栖市沖,水産物,ショウサイフグ,（財）海洋生物環境研究所,Ge,H24.3.20,H24.3.26,<0.69,13,18
256,茨城県,茨城県,農林水産部,茨城県,-,非流通品,ひたちなか市沖,水産物,シライトマキバイ,（財）海洋生物環境研究所,Ge,H24.3.20,H24.3.26,<4.8,<6.3,<5.0
257,茨城県,茨城県,農林水産部,茨城県,-,非流通品,鹿嶋市沖,水産物,シライトマキバイ,（財）海洋生物環境研究所,Ge,H24.3.20,H24.3.26,<4.0,<4.3,<3.9
258,茨城県,茨城県,農林水産部,茨城県,-,非流通品,大洗町沖,水産物,ジンドウイカ,（財）海洋生物環境研究所,Ge,H24.3.20,H24.3.26,<0.62,<0.61,<0.61
259,茨城県,茨城県,農林水産部,茨城県,-,非流通品,日立市沖,水産物,スケトウダラ,（財）海洋生物環境研究所,Ge,H24.3.20,H24.3.26,<0.50,5,7
260,茨城県,茨城県,農林水産部,茨城県,-,非流通品,鹿嶋市沖,水産物,スケトウダラ,（財）海洋生物環境研究所,Ge,H24.3.20,H24.3.26,<4.7,<5.8,<4.7
261,茨城県,茨城県,農林水産部,茨城県,-,非流通品,日立市沖,水産物,ババガレイ（ナメタガレイ）,（財）海洋生物環境研究所,Ge,H24.3.19,H24.3.26,<0.43,3,4
262,茨城県,茨城県,農林水産部,茨城県,-,非流通品,日立市沖,水産物,ババガレイ（ナメタガレイ）,（財）海洋生物環境研究所,Ge,H24.3.20,H24.3.26,<0.47,<0.38,1
263,茨城県,茨城県,農林水産部,茨城県,-,非流通品,ひたちなか市沖,水産物,ババガレイ（ナメタガレイ）,（財）海洋生物環境研究所,Ge,H24.3.19,H24.3.26,<0.46,<0.44,<0.39
264,茨城県,茨城県,農林水産部,茨城県,-,非流通品,北茨城市沖,水産物,ヒガンフグ,（財）海洋生物環境研究所,Ge,H24.3.20,H24.3.26,<4.6,20,32
265,茨城県,茨城県,農林水産部,茨城県,-,非流通品,ひたちなか市沖,水産物,ヒメコウイカ,（財）海洋生物環境研究所,Ge,H24.3.19,H24.3.26,<0.43,<0.57,<0.49
266,茨城県,茨城県,農林水産部,茨城県,-,非流通品,大洗町沖,水産物,ヒラツメガニ,（財）海洋生物環境研究所,Ge,H24.3.21,H24.3.26,<0.50,0.6,1
267,茨城県,茨城県,農林水産部,茨城県,-,非流通品,北茨城市沖,水産物,ヒラメ,（財）海洋生物環境研究所,Ge,H24.3.20,H24.3.26,<4.8,15,19
268,茨城県,茨城県,農林水産部,茨城県,-,非流通品,ひたちなか市沖,水産物,ヒラメ,（財）海洋生物環境研究所,Ge,H24.3.19,H24.3.26,<0.70,16,21
269,茨城県,茨城県,農林水産部,茨城県,-,非流通品,大洗町沖,水産物,ヒラメ,（財）海洋生物環境研究所,Ge,H24.3.20,H24.3.26,<0.58,15,20
270,茨城県,茨城県,農林水産部,茨城県,-,非流通品,大洗町沖,水産物,ヒラメ,（財）海洋生物環境研究所,Ge,H24.3.21,H24.3.26,<0.56,8,10
271,茨城県,茨城県,農林水産部,茨城県,-,非流通品,ひたちなか市沖,水産物,ヒレグロ,（財）海洋生物環境研究所,Ge,H24.3.20,H24.3.26,<0.47,1,2
272,茨城県,茨城県,農林水産部,茨城県,-,非流通品,鹿嶋市沖,水産物,ヒレグロ,（財）海洋生物環境研究所,Ge,H24.3.20,H24.3.26,<0.40,1,1
273,茨城県,茨城県,農林水産部,茨城県,-,非流通品,大洗町沖,水産物,ホウボウ,（財）海洋生物環境研究所,Ge,H24.3.21,H24.3.26,<0.55,4,6
274,茨城県,茨城県,農林水産部,茨城県,-,非流通品,神栖市沖,水産物,ホウボウ,（財）海洋生物環境研究所,Ge,H24.3.20,H24.3.26,<0.75,25,35
275,茨城県,茨城県,農林水産部,茨城県,-,非流通品,北茨城市沖,水産物,マコガレイ,（財）海洋生物環境研究所,Ge,H24.3.20,H24.3.26,<1.1,75,100
276,茨城県,茨城県,農林水産部,茨城県,-,非流通品,北茨城市沖,水産物,マコガレイ,（財）海洋生物環境研究所,Ge,H24.3.20,H24.3.26,<1.1,59,81
277,茨城県,茨城県,農林水産部,茨城県,-,非流通品,大洗町沖,水産物,マコガレイ,（財）海洋生物環境研究所,Ge,H24.3.20,H24.3.26,<4.4,6,10
278,茨城県,茨城県,農林水産部,茨城県,-,非流通品,大洗町沖,水産物,マコガレイ,（財）海洋生物環境研究所,Ge,H24.3.21,H24.3.26,<0.64,8,11
279,茨城県,茨城県,農林水産部,茨城県,-,非流通品,大洗町沖,水産物,マダイ,（財）海洋生物環境研究所,Ge,H24.3.20,H24.3.26,<0.64,8,12
280,茨城県,茨城県,農林水産部,茨城県,-,非流通品,日立市沖,水産物,マダラ,（財）海洋生物環境研究所,Ge,H24.3.19,H24.3.26,<0.59,19,25
281,茨城県,茨城県,農林水産部,茨城県,-,非流通品,ひたちなか市沖,水産物,マダラ,（財）海洋生物環境研究所,Ge,H24.3.19,H24.3.26,<0.63,13,15
282,茨城県,茨城県,農林水産部,茨城県,-,非流通品,大洗町沖,水産物,マダラ,（財）海洋生物環境研究所,Ge,H24.3.20,H24.3.26,<0.74,28,38
283,茨城県,茨城県,農林水産部,茨城県,-,非流通品,ひたちなか市沖,水産物,ミギガレイ,（財）海洋生物環境研究所,Ge,H24.3.19,H24.3.26,<0.49,2,2
284,茨城県,茨城県,農林水産部,茨城県,-,非流通品,大洗町沖,水産物,ムシガレイ,（財）海洋生物環境研究所,Ge,H24.3.20,H24.3.26,<0.56,6,9
285,茨城県,茨城県,農林水産部,茨城県,-,非流通品,ひたちなか市沖,水産物,ヤナギダコ,（財）海洋生物環境研究所,Ge,H24.3.19,H24.3.26,<0.32,<0.43,<0.43
286,茨城県,茨城県,農林水産部,茨城県,-,非流通品,ひたちなか市沖,水産物,ヤリイカ,（財）海洋生物環境研究所,Ge,H24.3.19,H24.3.26,<0.46,<0.43,<0.68
287,茨城県,茨城県,農林水産部,茨城県,-,非流通品,ひたちなか市沖,水産物,ユメカサゴ（ノドグロ）,（財）海洋生物環境研究所,Ge,H24.3.19,H24.3.26,<4.8,9,11
288,茨城県,茨城県,農林水産部,茨城県,-,非流通品,花園川水沼ダム上流（北茨城市）,水産物,イワナ（天然）,（財）海洋生物環境研究所,Ge,H24.3.18,H24.3.26,<8.3,140,190
289,茨城県,茨城県,農林水産部,茨城県,-,非流通品,花園川水沼ダム上流（北茨城市）,水産物,ヤマメ（天然）,（財）海洋生物環境研究所,Ge,H24.3.18,H24.3.26,<7.7,80,120
290,茨城県,茨城県,農林水産部,茨城県,-,非流通品,花園川水沼ダム下流（北茨城市）,水産物,ヤマメ（天然）,茨城県環境放射線監視センター,Ge,H24.3.18,H24.3.26,<6.5,40,52
291,茨城県,茨城県,農林水産部,茨城県,-,非流通品,大北川小山ダム上流（北茨城市）,水産物,ヤマメ（天然）,（財）海洋生物環境研究所,Ge,H24.3.18,H24.3.26,<6.8,29,43
292,茨城県,茨城県,農林水産部,茨城県,-,非流通品,那珂川,水産物,ボラ,茨城県環境放射線監視センター,Ge,H24.3.18,H24.3.26,<0.55,12,16
293,栃木県,栃木県,農政部,栃木県,-,非流通品,CS県北地域,乳・乳製品,原乳,栃木県農業試験場,Ge,H24.3.21,H24.3.22,<9,<8,<10
294,栃木県,栃木県,農政部,栃木県,-,非流通品,CS県央南地域,乳・乳製品,原乳,栃木県農業試験場,Ge,H24.3.21,H24.3.22,<9,<10,<10
295,栃木県,栃木県,農政部,栃木県,-,非流通品,CS県央南地域,乳・乳製品,原乳,栃木県農業試験場,Ge,H24.3.21,H24.3.22,<9,<9,<8
296,栃木県,栃木県,環境森林部,栃木県,大田原市,非流通品,菌床・施設栽培,野菜類,菌床シイタケ（施設）,東京検疫所,Ge,H24.3.19,H24.3.22,<2,<3,-
297,栃木県,栃木県,環境森林部,栃木県,那須塩原市,非流通品,菌床・施設栽培,野菜類,菌床シイタケ（施設）,東京検疫所,Ge,H24.3.19,H24.3.22,<2,<3,-
298,栃木県,栃木県,環境森林部,栃木県,那須町,非流通品,菌床・施設栽培,野菜類,菌床シイタケ（施設）,東京検疫所,Ge,H24.3.19,H24.3.22,<2,<3,-
299,栃木県,栃木県,環境森林部,栃木県,那須烏山市,非流通品,菌床・施設栽培,野菜類,菌床シイタケ（施設）,東京検疫所,Ge,H24.3.19,H24.3.22,<2,<3,-
300,栃木県,栃木県,環境森林部,栃木県,那珂川町,非流通品,菌床・施設栽培,野菜類,菌床シイタケ（施設）,東京検疫所,Ge,H24.3.19,H24.3.22,<1,<3,-
301,栃木県,栃木県,環境森林部,栃木県,大田原市,非流通品,原木・施設栽培,野菜類,原木シイタケ（施設）,東京検疫所,Ge,H24.3.19,H24.3.22,<2,12,-
302,栃木県,栃木県,環境森林部,栃木県,那須塩原市,非流通品,原木・施設栽培,野菜類,原木シイタケ（施設）,東京検疫所,Ge,H24.3.19,H24.3.22,<2,7.09,-
303,栃木県,栃木県,環境森林部,栃木県,那須町,非流通品,原木・施設栽培,野菜類,原木シイタケ（施設）,東京検疫所,Ge,H24.3.19,H24.3.22,<3,94,-
304,栃木県,栃木県,環境森林部,栃木県,那須烏山市,非流通品,原木・施設栽培,野菜類,原木シイタケ（施設）,東京検疫所,Ge,H24.3.19,H24.3.22,<2,6.46,-
305,栃木県,栃木県,環境森林部,栃木県,那珂川町,非流通品,原木・施設栽培,野菜類,原木シイタケ（施設）,東京検疫所,Ge,H24.3.21,H24.3.22,<3,175,-
306,栃木県,栃木県,環境森林部,栃木県,大田原市,非流通品,原木・露地栽培,野菜類,原木シイタケ（露地）,東京検疫所,Ge,H24.3.19,H24.3.23,<3,293,-
307,栃木県,栃木県,環境森林部,栃木県,那須塩原市,非流通品,原木・露地栽培,野菜類,原木シイタケ（露地）,東京検疫所,Ge,H24.3.19,H24.3.23,<3,191,-
308,栃木県,栃木県,環境森林部,栃木県,那須烏山市,非流通品,原木・露地栽培,野菜類,原木シイタケ（露地）,東京検疫所,Ge,H24.3.19,H24.3.23,<2,76,-
309,栃木県,栃木県,環境森林部,栃木県,那珂川町,非流通品,原木・露地栽培,野菜類,原木シイタケ（露地）,東京検疫所,Ge,H24.3.21,H24.3.23,<4,293,-
310,栃木県,栃木県,環境森林部,栃木県,矢板市,非流通品,菌床・施設栽培,野菜類,菌床シイタケ（施設）,横浜検疫所,Ge,H24.3.21,H24.3.22,<2,19,-
311,栃木県,栃木県,環境森林部,栃木県,さくら市,非流通品,菌床・施設栽培,野菜類,菌床シイタケ（施設）,横浜検疫所,Ge,H24.3.21,H24.3.22,<1,13,-
312,栃木県,栃木県,環境森林部,栃木県,塩谷町,非流通品,菌床・施設栽培,野菜類,菌床シイタケ（施設）,横浜検疫所,Ge,H24.3.21,H24.3.22,<2,33,-
313,栃木県,栃木県,環境森林部,栃木県,高根沢町,非流通品,菌床・施設栽培,野菜類,菌床シイタケ（施設）,横浜検疫所,Ge,H24.3.21,H24.3.22,<2,18,-
314,栃木県,栃木県,環境森林部,栃木県,矢板市,非流通品,原木・施設栽培,野菜類,原木シイタケ（施設）,横浜検疫所,Ge,H24.3.21,H24.3.22,<3,71,-
315,栃木県,栃木県,環境森林部,栃木県,矢板市,非流通品,原木・施設栽培,野菜類,原木シイタケ（施設）,横浜検疫所,Ge,H24.3.21,H24.3.22,<2,57,-
316,栃木県,栃木県,環境森林部,栃木県,さくら市,非流通品,原木・施設栽培,野菜類,原木シイタケ（施設）,横浜検疫所,Ge,H24.3.20,H24.3.22,<3,68,-
317,栃木県,栃木県,環境森林部,栃木県,高根沢町,非流通品,原木・施設栽培,野菜類,原木シイタケ（施設）,横浜検疫所,Ge,H24.3.21,H24.3.22,<2,18,-
318,栃木県,栃木県,環境森林部,栃木県,鹿沼市,非流通品,菌床・施設栽培,野菜類,菌床シイタケ（施設）,横浜検疫所,Ge,H24.3.19,H24.3.22,<2,<3,-
319,栃木県,栃木県,環境森林部,栃木県,日光市,非流通品,菌床・施設栽培,野菜類,菌床シイタケ（施設）,横浜検疫所,Ge,H24.3.21,H24.3.22,<1,1.28,-
320,栃木県,栃木県,環境森林部,栃木県,鹿沼市,非流通品,原木・施設栽培,野菜類,原木シイタケ（施設）,横浜検疫所,Ge,H24.3.19,H24.3.22,<2,6.07,-
321,栃木県,栃木県,環境森林部,栃木県,日光市,非流通品,原木・施設栽培,野菜類,原木シイタケ（施設）,横浜検疫所,Ge,H24.3.21,H24.3.22,<2,29,-
322,栃木県,栃木県,環境森林部,栃木県,鹿沼市,非流通品,原木・露地栽培,野菜類,原木シイタケ（露地）,横浜検疫所,Ge,H24.3.19,H24.3.22,<2,62,-
323,栃木県,栃木県,環境森林部,栃木県,日光市,非流通品,原木・露地栽培,野菜類,原木シイタケ（露地）,横浜検疫所,Ge,H24.3.21,H24.3.22,<3,298,-
324,栃木県,栃木県,環境森林部,栃木県,足利市,非流通品,菌床・施設栽培,野菜類,菌床シイタケ（施設）,横浜検疫所,Ge,H24.3.21,H24.3.22,<2,60,-
325,栃木県,栃木県,環境森林部,栃木県,栃木市,非流通品,菌床・施設栽培,野菜類,菌床シイタケ（施設）,横浜検疫所,Ge,H24.3.19,H24.3.22,<1,1.89,-
326,栃木県,栃木県,環境森林部,栃木県,佐野市,非流通品,菌床・施設栽培,野菜類,菌床シイタケ（施設）,横浜検疫所,Ge,H24.3.21,H24.3.22,<2,9.43,-
327,栃木県,栃木県,環境森林部,栃木県,小山市,非流通品,菌床・施設栽培,野菜類,菌床シイタケ（施設）,横浜検疫所,Ge,H24.3.19,H24.3.22,<1,<2,-
328,栃木県,栃木県,環境森林部,栃木県,下野市,非流通品,菌床・施設栽培,野菜類,菌床シイタケ（施設）,横浜検疫所,Ge,H24.3.19,H24.3.22,<2,<3,-
329,栃木県,栃木県,環境森林部,栃木県,壬生町,非流通品,菌床・施設栽培,野菜類,菌床シイタケ（施設）,横浜検疫所,Ge,H24.3.19,H24.3.23,<2,<4,-
330,栃木県,栃木県,環境森林部,栃木県,野木町,非流通品,菌床・施設栽培,野菜類,菌床シイタケ（施設）,横浜検疫所,Ge,H24.3.19,H24.3.23,<2,16,-
331,栃木県,栃木県,環境森林部,栃木県,岩舟町,非流通品,菌床・施設栽培,野菜類,菌床シイタケ（施設）,横浜検疫所,Ge,H24.3.19,H24.3.23,<2,<4,-
332,栃木県,栃木県,環境森林部,栃木県,足利市,非流通品,原木・施設栽培,野菜類,原木シイタケ（施設）,横浜検疫所,Ge,H24.3.21,H24.3.23,<2,72,-
333,栃木県,栃木県,環境森林部,栃木県,栃木市,非流通品,原木・施設栽培,野菜類,原木シイタケ（施設）,横浜検疫所,Ge,H24.3.19,H24.3.23,<3,94,-
334,栃木県,栃木県,環境森林部,栃木県,佐野市,非流通品,原木・施設栽培,野菜類,原木シイタケ（施設）,横浜検疫所,Ge,H24.3.21,H24.3.23,<1,3.23,-
335,栃木県,栃木県,環境森林部,栃木県,小山市,非流通品,原木・施設栽培,野菜類,原木シイタケ（施設）,横浜検疫所,Ge,H24.3.19,H24.3.23,<2,27,-
336,栃木県,栃木県,環境森林部,栃木県,下野市,非流通品,原木・施設栽培,野菜類,原木シイタケ（施設）,横浜検疫所,Ge,H24.3.19,H24.3.23,<2,94,-
337,栃木県,栃木県,環境森林部,栃木県,壬生町,非流通品,原木・施設栽培,野菜類,原木シイタケ（施設）,横浜検疫所,Ge,H24.3.19,H24.3.23,<3,63,-
338,栃木県,栃木県,環境森林部,栃木県,野木町,非流通品,原木・施設栽培,野菜類,原木シイタケ（施設）,横浜検疫所,Ge,H24.3.19,H24.3.23,<2,4.51,-
339,栃木県,栃木県,環境森林部,栃木県,岩舟町,非流通品,原木・施設栽培,野菜類,原木シイタケ（施設）,横浜検疫所,Ge,H24.3.19,H24.3.23,<2,22,-
340,栃木県,栃木県,環境森林部,栃木県,足利市,非流通品,原木・露地栽培,野菜類,原木シイタケ（露地）,横浜検疫所,Ge,H24.3.21,H24.3.23,<3,183,-
341,栃木県,栃木県,環境森林部,栃木県,栃木市,非流通品,原木・露地栽培,野菜類,原木シイタケ（露地）,横浜検疫所,Ge,H24.3.19,H24.3.23,<3,86,-
342,栃木県,栃木県,環境森林部,栃木県,佐野市,非流通品,原木・露地栽培,野菜類,原木シイタケ（露地）,横浜検疫所,Ge,H24.3.21,H24.3.23,<4,341,-
343,栃木県,栃木県,環境森林部,栃木県,壬生町,非流通品,原木・露地栽培,野菜類,原木シイタケ（露地）,横浜検疫所,Ge,H24.3.19,H24.3.23,<3,82,-
344,栃木県,栃木県,環境森林部,栃木県,野木町,非流通品,原木・露地栽培,野菜類,原木シイタケ（露地）,横浜検疫所,Ge,H24.3.19,H24.3.23,<1,9.73,-
345,栃木県,栃木県,環境森林部,栃木県,宇都宮市,非流通品,菌床・施設栽培,野菜類,菌床シイタケ（施設）,神戸検疫所,Ge,H24.3.21,H24.3.22,<2,<3,-
346,栃木県,栃木県,環境森林部,栃木県,宇都宮市,非流通品,菌床・施設栽培,野菜類,菌床シイタケ（施設）,神戸検疫所,Ge,H24.3.21,H24.3.22,<3,<5,-
347,栃木県,栃木県,環境森林部,栃木県,真岡市,非流通品,菌床・施設栽培,野菜類,菌床シイタケ（施設）,神戸検疫所,Ge,H24.3.21,H24.3.22,<2,<4,-
348,栃木県,栃木県,環境森林部,栃木県,茂木町,非流通品,菌床・施設栽培,野菜類,菌床シイタケ（施設）,神戸検疫所,Ge,H24.3.19,H24.3.23,<2,18,-
349,栃木県,栃木県,環境森林部,栃木県,芳賀町,非流通品,菌床・施設栽培,野菜類,菌床シイタケ（施設）,神戸検疫所,Ge,H24.3.21,H24.3.23,<2,12,-
350,栃木県,栃木県,環境森林部,栃木県,宇都宮市,非流通品,原木・施設栽培,野菜類,原木シイタケ（施設）,神戸検疫所,Ge,H24.3.19,H24.3.23,<2,19,-
351,栃木県,栃木県,環境森林部,栃木県,宇都宮市,非流通品,原木・施設栽培,野菜類,原木シイタケ（施設）,神戸検疫所,Ge,H24.3.21,H24.3.23,<3,82,-
352,栃木県,栃木県,環境森林部,栃木県,芳賀町,非流通品,原木・施設栽培,野菜類,原木シイタケ（施設）,神戸検疫所,Ge,H24.3.20,H24.3.23,<3,83,-
353,栃木県,栃木県,環境森林部,栃木県,茂木町,非流通品,原木・露地栽培,野菜類,原木シイタケ（露地）,神戸検疫所,Ge,H24.3.20,H24.3.23,<3,132,-
354,栃木県,栃木県,環境森林部,栃木県,茂木町,非流通品,原木・露地栽培,野菜類,原木シイタケ（露地）,神戸検疫所,Ge,H24.3.21,H24.3.23,<4,237,-
355,栃木県,栃木県,環境森林部,栃木県,茂木町,非流通品,原木・露地栽培,野菜類,原木シイタケ（露地）,神戸検疫所,Ge,H24.3.20,H24.3.23,<3,179,-
356,栃木県,栃木県,環境森林部,栃木県,茂木町,非流通品,原木・露地栽培,野菜類,原木シイタケ（露地）,神戸検疫所,Ge,H24.3.21,H24.3.23,<3,134,-
357,栃木県,栃木県,環境森林部,栃木県,茂木町,非流通品,原木・露地栽培,野菜類,原木シイタケ（露地）,神戸検疫所,Ge,H24.3.21,H24.3.23,<3,117,-
358,栃木県,栃木県,環境森林部,栃木県,宇都宮市,非流通品,原木・露地栽培,野菜類,原木シイタケ（露地）,神戸検疫所,Ge,H24.3.19,H24.3.23,<3,173,-
359,栃木県,栃木県,環境森林部,栃木県,宇都宮市,非流通品,原木・露地栽培,野菜類,原木シイタケ（露地）,神戸検疫所,Ge,H24.3.19,H24.3.23,<3,202,-
360,栃木県,栃木県,環境森林部,栃木県,宇都宮市,非流通品,原木・露地栽培,野菜類,原木シイタケ（露地）,神戸検疫所,Ge,H24.3.19,H24.3.23,<3,176,-
361,栃木県,栃木県,環境森林部,栃木県,宇都宮市,非流通品,原木・露地栽培,野菜類,原木シイタケ（露地）,神戸検疫所,Ge,H24.3.19,H24.3.23,<3,99,-
362,栃木県,栃木県,環境森林部,栃木県,上三川町,非流通品,原木・露地栽培,野菜類,原木シイタケ（露地）,神戸検疫所,Ge,H24.3.19,H24.3.23,<5,437,-
363,栃木県,栃木県,環境森林部,栃木県,真岡市,非流通品,原木・露地栽培,野菜類,原木シイタケ（露地）,神戸検疫所,Ge,H24.3.21,H24.3.26,<3,155,-
364,栃木県,栃木県,環境森林部,栃木県,真岡市,非流通品,原木・露地栽培,野菜類,原木シイタケ（露地）,神戸検疫所,Ge,H24.3.21,H24.3.26,<3,103,-
365,栃木県,栃木県,環境森林部,栃木県,益子町,非流通品,原木・露地栽培,野菜類,原木シイタケ（露地）,神戸検疫所,Ge,H24.3.21,H24.3.26,<3,128,-
366,栃木県,栃木県,環境森林部,栃木県,益子町,非流通品,原木・露地栽培,野菜類,原木シイタケ（露地）,神戸検疫所,Ge,H24.3.20,H24.3.26,<3,177,-
367,栃木県,栃木県,環境森林部,栃木県,市貝町,非流通品,原木・露地栽培,野菜類,原木シイタケ（露地）,神戸検疫所,Ge,H24.3.21,H24.3.26,<3,147,-
368,栃木県,栃木県,環境森林部,栃木県,市貝町,非流通品,原木・露地栽培,野菜類,原木シイタケ（露地）,神戸検疫所,Ge,H24.3.21,H24.3.26,<3,106,-
369,栃木県,栃木県,環境森林部,栃木県,芳賀町,非流通品,原木・露地栽培,野菜類,原木シイタケ（露地）,神戸検疫所,Ge,H24.3.21,H24.3.26,<4,289,-
370,栃木県,栃木県,環境森林部,栃木県,芳賀町,非流通品,原木・露地栽培,野菜類,原木シイタケ（露地）,神戸検疫所,Ge,H24.3.21,H24.3.26,<4,174,-
371,栃木県,栃木県,環境森林部,栃木県,宇都宮市,非流通品,-,野菜類,タケノコ,神戸検疫所,Ge,H24.3.21,H24.3.23,<2,51,-
372,栃木県,栃木県,農政部,栃木県,那須塩原市,非流通品,ハウス栽培,野菜類,ニラ,栃木県農業試験場,Ge,H24.3.21,H24.3.23,<3,<2,<3
373,栃木県,栃木県,農政部,栃木県,大田原市,非流通品,ハウス栽培,野菜類,ニラ,栃木県農業試験場,Ge,H24.3.21,H24.3.23,<3,<3,<3
374,栃木県,栃木県,農政部,栃木県,塩谷町,非流通品,ハウス栽培,野菜類,ニラ,栃木県農業試験場,Ge,H24.3.21,H24.3.23,<3,<3,<3
375,栃木県,栃木県,農政部,栃木県,さくら市,非流通品,ハウス栽培,野菜類,ニラ,栃木県農業試験場,Ge,H24.3.21,H24.3.23,<3,<3,<3
376,栃木県,栃木県,農政部,栃木県,日光市,非流通品,ハウス栽培,野菜類,ニラ,栃木県農業試験場,Ge,H24.3.21,H24.3.23,<3,<3,<4
377,栃木県,栃木県,農政部,栃木県,鹿沼市,非流通品,ハウス栽培,野菜類,ニラ,栃木県農業試験場,Ge,H24.3.21,H24.3.23,<3,<3,<4
378,栃木県,栃木県,農政部,栃木県,下野市,非流通品,ハウス栽培,野菜類,ニラ,栃木県農業試験場,Ge,H24.3.21,H24.3.23,<3,<2,<4
379,栃木県,栃木県,農政部,栃木県,大田原市,非流通品,露地栽培,野菜類,ネギ,栃木県農業試験場,Ge,H24.3.21,H24.3.23,<2,<3,<2
380,栃木県,栃木県,農政部,栃木県,大田原市,非流通品,露地栽培,野菜類,ネギ,栃木県農業試験場,Ge,H24.3.21,H24.3.23,<3,<3,<2
381,栃木県,栃木県,農政部,栃木県,大田原市,非流通品,露地栽培,野菜類,ネギ,栃木県農業試験場,Ge,H24.3.21,H24.3.23,<2,<2,<3
382,栃木県,栃木県,農政部,栃木県,矢板市,非流通品,露地栽培,野菜類,ネギ,栃木県農業試験場,Ge,H24.3.21,H24.3.23,<2,<2,<2
383,栃木県,栃木県,農政部,栃木県,塩谷町,非流通品,露地栽培,野菜類,ネギ,栃木県農業試験場,Ge,H24.3.21,H24.3.23,<2,<2,<2
384,栃木県,栃木県,農政部,栃木県,那珂川町,非流通品,露地栽培,野菜類,ネギ,栃木県農業試験場,Ge,H24.3.21,H24.3.23,<2,<3,<2
385,栃木県,栃木県,農政部,栃木県,小山市,非流通品,露地栽培,野菜類,ネギ,栃木県農業試験場,Ge,H24.3.21,H24.3.23,<2,<3,<2
386,栃木県,栃木県,農政部,栃木県,塩谷町,非流通品,ハウス栽培,野菜類,アスパラガス,栃木県農業試験場,Ge,H24.3.21,H24.3.23,<2,<2,<2
387,栃木県,栃木県,農政部,栃木県,日光市,非流通品,ハウス栽培,野菜類,アスパラガス,栃木県農業試験場,Ge,H24.3.21,H24.3.23,<2,<2,<2
388,栃木県,栃木県,農政部,栃木県,宇都宮市,非流通品,ハウス栽培,野菜類,アスパラガス,栃木県農業試験場,Ge,H24.3.21,H24.3.23,<2,<2,<2
389,栃木県,栃木県,農政部,栃木県,宇都宮市,非流通品,ハウス栽培,野菜類,トマト,栃木県農業試験場,Ge,H24.3.21,H24.3.23,<2,<2,<2
390,栃木県,栃木県,農政部,栃木県,栃木市,非流通品,ハウス栽培,野菜類,トマト,栃木県農業試験場,Ge,H24.3.21,H24.3.23,<2,<2,<2
391,栃木県,栃木県,農政部,栃木県,小山市,非流通品,ハウス栽培,野菜類,トマト,栃木県農業試験場,Ge,H24.3.21,H24.3.23,<2,<2,<2
392,栃木県,栃木県,農政部,栃木県,真岡市,非流通品,ハウス栽培,野菜類,ナス,栃木県農業試験場,Ge,H24.3.21,H24.3.23,<2,<2,<3
393,栃木県,栃木県,農政部,栃木県,小山市,非流通品,露地栽培,野菜類,レタス,栃木県農業試験場,Ge,H24.3.21,H24.3.23,<2,<3,<2
394,栃木県,栃木県,農政部,栃木県,小山市,非流通品,ハウス栽培,野菜類,キュウリ,栃木県農業試験場,Ge,H24.3.21,H24.3.23,<2,<2,<2
395,栃木県,栃木県,農政部,栃木県,那須烏山市,非流通品,施設栽培,野菜類,山ウド,栃木県農業試験場,Ge,H24.3.21,H24.3.23,<2,<2,<2
396,群馬県,群馬県,農政部,群馬県,前橋市,非流通品,全頭検査,肉・卵,牛肉,群馬県食肉衛生検査所,NaI,H24.3.26,H24.3.26,<25,<25,<25
397,群馬県,群馬県,農政部,群馬県,前橋市,非流通品,全頭検査,肉・卵,牛肉,群馬県食肉衛生検査所,NaI,H24.3.26,H24.3.26,<25,<25,<25
398,群馬県,群馬県,農政部,群馬県,前橋市,非流通品,全頭検査,肉・卵,牛肉,群馬県食肉衛生検査所,NaI,H24.3.26,H24.3.26,<25,<25,<25
399,群馬県,群馬県,農政部,群馬県,前橋市,非流通品,全頭検査,肉・卵,牛肉,群馬県食肉衛生検査所,NaI,H24.3.26,H24.3.26,<25,<25,<25
400,群馬県,群馬県,農政部,群馬県,前橋市,非流通品,全頭検査,肉・卵,牛肉,群馬県食肉衛生検査所,NaI,H24.3.26,H24.3.26,<25,<25,<25
401,群馬県,群馬県,農政部,群馬県,前橋市,非流通品,全頭検査,肉・卵,牛肉,群馬県食肉衛生検査所,NaI,H24.3.26,H24.3.26,<25,<25,<25
402,群馬県,群馬県,農政部,群馬県,前橋市,非流通品,全頭検査,肉・卵,牛肉,群馬県食肉衛生検査所,NaI,H24.3.26,H24.3.26,<25,<25,<25
403,群馬県,群馬県,農政部,群馬県,前橋市,非流通品,全頭検査,肉・卵,牛肉,群馬県食肉衛生検査所,NaI,H24.3.26,H24.3.26,<25,<25,<25
404,群馬県,群馬県,農政部,群馬県,前橋市,非流通品,全頭検査,肉・卵,牛肉,群馬県食肉衛生検査所,NaI,H24.3.26,H24.3.26,<25,<25,<25
405,群馬県,群馬県,農政部,群馬県,前橋市,非流通品,全頭検査,肉・卵,牛肉,群馬県食肉衛生検査所,NaI,H24.3.26,H24.3.26,<25,<25,<25
406,群馬県,群馬県,農政部,群馬県,前橋市,非流通品,全頭検査,肉・卵,牛肉,群馬県食肉衛生検査所,NaI,H24.3.26,H24.3.26,<25,<25,<25
407,群馬県,群馬県,農政部,群馬県,前橋市,非流通品,全頭検査,肉・卵,牛肉,群馬県食肉衛生検査所,NaI,H24.3.26,H24.3.26,<25,<25,<25
408,群馬県,群馬県,農政部,群馬県,前橋市,非流通品,全頭検査,肉・卵,牛肉,群馬県食肉衛生検査所,NaI,H24.3.26,H24.3.26,<25,<25,<25
409,群馬県,群馬県,農政部,群馬県,前橋市,非流通品,全頭検査,肉・卵,牛肉,群馬県食肉衛生検査所,NaI,H24.3.26,H24.3.26,<25,<25,<25
410,群馬県,群馬県,農政部,群馬県,前橋市,非流通品,全頭検査,肉・卵,牛肉,群馬県食肉衛生検査所,NaI,H24.3.26,H24.3.26,<25,<25,<25
411,群馬県,群馬県,農政部,群馬県,前橋市,非流通品,全頭検査,肉・卵,牛肉,群馬県食肉衛生検査所,NaI,H24.3.26,H24.3.26,<25,<25,<25
412,群馬県,群馬県,農政部,群馬県,前橋市,非流通品,全頭検査,肉・卵,牛肉,群馬県食肉衛生検査所,NaI,H24.3.26,H24.3.26,<25,<25,<25
413,群馬県,群馬県,農政部,群馬県,前橋市,非流通品,全頭検査,肉・卵,牛肉,群馬県食肉衛生検査所,NaI,H24.3.26,H24.3.26,<25,<25,<25
414,群馬県,群馬県,農政部,群馬県,前橋市,非流通品,全頭検査,肉・卵,牛肉,群馬県食肉衛生検査所,NaI,H24.3.26,H24.3.26,<25,<25,<25
415,群馬県,群馬県,農政部,群馬県,前橋市,非流通品,全頭検査,肉・卵,牛肉,群馬県食肉衛生検査所,NaI,H24.3.26,H24.3.26,<25,<25,<25
416,群馬県,群馬県,農政部,群馬県,前橋市,非流通品,全頭検査,肉・卵,牛肉,群馬県食肉衛生検査所,NaI,H24.3.26,H24.3.26,<25,<25,<25
417,群馬県,群馬県,農政部,群馬県,前橋市,非流通品,全頭検査,肉・卵,牛肉,群馬県食肉衛生検査所,NaI,H24.3.23,H24.3.26,<25,<25,<25
418,群馬県,群馬県,農政部,群馬県,前橋市,非流通品,全頭検査,肉・卵,牛肉,群馬県食肉衛生検査所,NaI,H24.3.23,H24.3.26,<25,<25,<25
419,群馬県,群馬県,農政部,群馬県,前橋市,非流通品,全頭検査,肉・卵,牛肉,群馬県食肉衛生検査所,NaI,H24.3.23,H24.3.26,<25,<25,<25
420,群馬県,群馬県,農政部,群馬県,前橋市,非流通品,全頭検査,肉・卵,牛肉,群馬県食肉衛生検査所,NaI,H24.3.23,H24.3.26,<25,<25,<25
421,群馬県,群馬県,農政部,群馬県,前橋市,非流通品,全頭検査,肉・卵,牛肉,群馬県食肉衛生検査所,NaI,H24.3.23,H24.3.26,<25,<25,<25
422,群馬県,群馬県,農政部,群馬県,前橋市,非流通品,全頭検査,肉・卵,牛肉,群馬県食肉衛生検査所,NaI,H24.3.23,H24.3.26,<25,<25,<25
423,群馬県,群馬県,農政部,群馬県,高崎市,非流通品,全頭検査,肉・卵,牛肉,群馬県食肉衛生検査所,NaI,H24.3.26,H24.3.26,<25,<25,<25
424,群馬県,群馬県,農政部,群馬県,高崎市,非流通品,全頭検査,肉・卵,牛肉,群馬県食肉衛生検査所,NaI,H24.3.26,H24.3.26,<25,<25,<25
425,群馬県,群馬県,農政部,群馬県,高崎市,非流通品,全頭検査,肉・卵,牛肉,群馬県食肉衛生検査所,NaI,H24.3.26,H24.3.26,<25,<25,<25
426,群馬県,群馬県,農政部,群馬県,高崎市,非流通品,全頭検査,肉・卵,牛肉,群馬県食肉衛生検査所,NaI,H24.3.26,H24.3.26,<25,<25,<25
427,群馬県,群馬県,農政部,群馬県,高崎市,非流通品,全頭検査,肉・卵,牛肉,群馬県食肉衛生検査所,NaI,H24.3.26,H24.3.26,<25,<25,<25
428,群馬県,群馬県,農政部,群馬県,太田市,非流通品,全頭検査,肉・卵,牛肉,群馬県食肉衛生検査所,NaI,H24.3.26,H24.3.26,<25,<25,<25
429,群馬県,群馬県,農政部,群馬県,太田市,非流通品,全頭検査,肉・卵,牛肉,群馬県食肉衛生検査所,NaI,H24.3.26,H24.3.26,<25,<25,<25
430,群馬県,群馬県,農政部,群馬県,太田市,非流通品,全頭検査,肉・卵,牛肉,群馬県食肉衛生検査所,NaI,H24.3.26,H24.3.26,<25,<25,<25
431,群馬県,群馬県,農政部,群馬県,太田市,非流通品,全頭検査,肉・卵,牛肉,群馬県食肉衛生検査所,NaI,H24.3.26,H24.3.26,<25,<25,<25
432,群馬県,群馬県,農政部,群馬県,太田市,非流通品,全頭検査,肉・卵,牛肉,群馬県食肉衛生検査所,NaI,H24.3.26,H24.3.26,<25,<25,<25
433,群馬県,群馬県,農政部,群馬県,太田市,非流通品,全頭検査,肉・卵,牛肉,群馬県食肉衛生検査所,NaI,H24.3.26,H24.3.26,<25,<25,<25
434,群馬県,群馬県,農政部,群馬県,太田市,非流通品,全頭検査,肉・卵,牛肉,群馬県食肉衛生検査所,NaI,H24.3.26,H24.3.26,<25,<25,<25
435,群馬県,群馬県,農政部,群馬県,太田市,非流通品,全頭検査,肉・卵,牛肉,群馬県食肉衛生検査所,NaI,H24.3.26,H24.3.26,<25,<25,<25
436,群馬県,群馬県,農政部,群馬県,太田市,非流通品,全頭検査,肉・卵,牛肉,群馬県食肉衛生検査所,NaI,H24.3.26,H24.3.26,<25,<25,<25
437,群馬県,群馬県,農政部,群馬県,太田市,非流通品,全頭検査,肉・卵,牛肉,群馬県食肉衛生検査所,NaI,H24.3.26,H24.3.26,<25,<25,<25
438,群馬県,群馬県,農政部,群馬県,太田市,非流通品,全頭検査,肉・卵,牛肉,群馬県食肉衛生検査所,NaI,H24.3.26,H24.3.26,<25,<25,<25
439,群馬県,群馬県,農政部,群馬県,太田市,非流通品,全頭検査,肉・卵,牛肉,群馬県食肉衛生検査所,NaI,H24.3.26,H24.3.26,<25,<25,<25
440,群馬県,群馬県,農政部,群馬県,太田市,非流通品,全頭検査,肉・卵,牛肉,群馬県食肉衛生検査所,NaI,H24.3.26,H24.3.26,<25,<25,<25
441,群馬県,群馬県,農政部,群馬県,太田市,非流通品,全頭検査,肉・卵,牛肉,群馬県食肉衛生検査所,NaI,H24.3.26,H24.3.26,<25,<25,<25
442,群馬県,群馬県,農政部,群馬県,太田市,非流通品,全頭検査,肉・卵,牛肉,群馬県食肉衛生検査所,NaI,H24.3.26,H24.3.26,<25,<25,<25
443,群馬県,群馬県,農政部,群馬県,太田市,非流通品,全頭検査,肉・卵,牛肉,群馬県食肉衛生検査所,NaI,H24.3.26,H24.3.26,<25,<25,<25
444,群馬県,群馬県,農政部,群馬県,太田市,非流通品,全頭検査,肉・卵,牛肉,群馬県食肉衛生検査所,NaI,H24.3.26,H24.3.26,<25,<25,<25
445,群馬県,群馬県,農政部,群馬県,太田市,非流通品,全頭検査,肉・卵,牛肉,群馬県食肉衛生検査所,NaI,H24.3.26,H24.3.26,<25,<25,<25
446,群馬県,群馬県,農政部,群馬県,太田市,非流通品,全頭検査,肉・卵,牛肉,群馬県食肉衛生検査所,NaI,H24.3.26,H24.3.26,<25,<25,<25
447,群馬県,群馬県,農政部,群馬県,太田市,非流通品,全頭検査,肉・卵,牛肉,群馬県食肉衛生検査所,NaI,H24.3.26,H24.3.26,<25,<25,<25
448,群馬県,群馬県,農政部,群馬県,太田市,非流通品,全頭検査,肉・卵,牛肉,群馬県食肉衛生検査所,NaI,H24.3.26,H24.3.26,<25,<25,<25
449,群馬県,群馬県,農政部,群馬県,太田市,非流通品,全頭検査,肉・卵,牛肉,群馬県食肉衛生検査所,NaI,H24.3.26,H24.3.26,<25,<25,<25
450,群馬県,群馬県,農政部,群馬県,太田市,非流通品,全頭検査,肉・卵,牛肉,群馬県食肉衛生検査所,NaI,H24.3.26,H24.3.26,<25,<25,<25
451,群馬県,群馬県,農政部,群馬県,太田市,非流通品,全頭検査,肉・卵,牛肉,群馬県食肉衛生検査所,NaI,H24.3.26,H24.3.26,<25,<25,<25
452,群馬県,群馬県,農政部,群馬県,渋川市,非流通品,全頭検査,肉・卵,牛肉,群馬県食肉衛生検査所,NaI,H24.3.26,H24.3.26,<25,<25,<25
453,群馬県,群馬県,農政部,群馬県,渋川市,非流通品,全頭検査,肉・卵,牛肉,群馬県食肉衛生検査所,NaI,H24.3.26,H24.3.26,<25,<25,<25
454,群馬県,群馬県,農政部,群馬県,渋川市,非流通品,全頭検査,肉・卵,牛肉,群馬県食肉衛生検査所,NaI,H24.3.26,H24.3.26,<25,<25,<25
455,群馬県,群馬県,農政部,群馬県,渋川市,非流通品,全頭検査,肉・卵,牛肉,群馬県食肉衛生検査所,NaI,H24.3.26,H24.3.26,<25,<25,<25
456,群馬県,群馬県,農政部,群馬県,渋川市,非流通品,全頭検査,肉・卵,牛肉,群馬県食肉衛生検査所,NaI,H24.3.26,H24.3.26,<25,<25,<25
457,群馬県,群馬県,農政部,群馬県,渋川市,非流通品,全頭検査,肉・卵,牛肉,群馬県食肉衛生検査所,NaI,H24.3.26,H24.3.26,<25,<25,<25
458,群馬県,群馬県,農政部,群馬県,渋川市,非流通品,全頭検査,肉・卵,牛肉,群馬県食肉衛生検査所,NaI,H24.3.26,H24.3.26,<25,<25,<25
459,群馬県,群馬県,農政部,群馬県,渋川市,非流通品,全頭検査,肉・卵,牛肉,群馬県食肉衛生検査所,NaI,H24.3.26,H24.3.26,<25,<25,<25
460,群馬県,群馬県,農政部,群馬県,渋川市,非流通品,全頭検査,肉・卵,牛肉,群馬県食肉衛生検査所,NaI,H24.3.26,H24.3.26,<25,<25,<25
461,群馬県,群馬県,農政部,群馬県,渋川市,非流通品,全頭検査,肉・卵,牛肉,群馬県食肉衛生検査所,NaI,H24.3.26,H24.3.26,<25,<25,<25
462,群馬県,群馬県,農政部,群馬県,安中市,非流通品,全頭検査,肉・卵,牛肉,群馬県食肉衛生検査所,NaI,H24.3.23,H24.3.26,<25,<25,<25
463,群馬県,群馬県,農政部,群馬県,吉岡町,非流通品,全頭検査,肉・卵,牛肉,群馬県食肉衛生検査所,NaI,H24.3.23,H24.3.26,<25,<25,<25
464,群馬県,群馬県,農政部,群馬県,東吾妻町,非流通品,全頭検査,肉・卵,牛肉,群馬県食肉衛生検査所,NaI,H24.3.23,H24.3.26,<25,<25,<25
465,群馬県,群馬県,農政部,群馬県,千代田町,非流通品,全頭検査,肉・卵,牛肉,群馬県食肉衛生検査所,NaI,H24.3.26,H24.3.26,<25,<25,<25
466,群馬県,群馬県,農政部,群馬県,千代田町,非流通品,全頭検査,肉・卵,牛肉,群馬県食肉衛生検査所,NaI,H24.3.26,H24.3.26,<25,<25,<25
467,群馬県,群馬県,農政部,群馬県,千代田町,非流通品,全頭検査,肉・卵,牛肉,群馬県食肉衛生検査所,NaI,H24.3.26,H24.3.26,<25,<25,<25
468,群馬県,群馬県,農政部,群馬県,千代田町,非流通品,全頭検査,肉・卵,牛肉,群馬県食肉衛生検査所,NaI,H24.3.26,H24.3.26,<25,<25,<25
469,群馬県,群馬県,農政部,群馬県,千代田町,非流通品,全頭検査,肉・卵,牛肉,群馬県食肉衛生検査所,NaI,H24.3.26,H24.3.26,<25,<25,<25
470,群馬県,群馬県,農政部,群馬県,千代田町,非流通品,全頭検査,肉・卵,牛肉,群馬県食肉衛生検査所,NaI,H24.3.26,H24.3.26,<25,<25,<25
471,群馬県,群馬県,農政部,茨城県,-,非流通品,全頭検査,肉・卵,牛肉,群馬県食肉衛生検査所,NaI,H24.3.26,H24.3.26,<25,<25,<25
472,群馬県,群馬県,農政部,茨城県,-,非流通品,全頭検査,肉・卵,牛肉,群馬県食肉衛生検査所,NaI,H24.3.26,H24.3.26,<25,<25,<25
473,群馬県,群馬県,農政部,茨城県,-,非流通品,全頭検査,肉・卵,牛肉,群馬県食肉衛生検査所,NaI,H24.3.26,H24.3.26,<25,<25,<25
474,群馬県,群馬県,農政部,茨城県,-,非流通品,全頭検査,肉・卵,牛肉,群馬県食肉衛生検査所,NaI,H24.3.26,H24.3.26,<25,<25,<25
475,群馬県,群馬県,農政部,茨城県,-,非流通品,全頭検査,肉・卵,牛肉,群馬県食肉衛生検査所,NaI,H24.3.26,H24.3.26,<25,<25,<25
476,群馬県,群馬県,農政部,茨城県,-,非流通品,全頭検査,肉・卵,牛肉,群馬県食肉衛生検査所,NaI,H24.3.26,H24.3.26,<25,<25,<25
477,群馬県,群馬県,農政部,茨城県,-,非流通品,全頭検査,肉・卵,牛肉,群馬県食肉衛生検査所,NaI,H24.3.26,H24.3.26,<25,<25,<25
478,群馬県,群馬県,農政部,茨城県,-,非流通品,全頭検査,肉・卵,牛肉,群馬県食肉衛生検査所,NaI,H24.3.26,H24.3.26,<25,<25,<25
479,群馬県,群馬県,農政部,茨城県,-,非流通品,全頭検査,肉・卵,牛肉,群馬県食肉衛生検査所,NaI,H24.3.26,H24.3.26,<25,<25,<25
480,群馬県,群馬県,農政部,茨城県,-,非流通品,全頭検査,肉・卵,牛肉,群馬県食肉衛生検査所,NaI,H24.3.26,H24.3.26,<25,<25,<25
481,群馬県,群馬県,農政部,埼玉県,-,非流通品,全頭検査,肉・卵,牛肉,群馬県食肉衛生検査所,NaI,H24.3.26,H24.3.26,<25,<25,<25
482,群馬県,群馬県,農政部,埼玉県,-,非流通品,全頭検査,肉・卵,牛肉,群馬県食肉衛生検査所,NaI,H24.3.26,H24.3.26,<25,<25,<25
483,群馬県,群馬県,農政部,埼玉県,-,非流通品,全頭検査,肉・卵,牛肉,群馬県食肉衛生検査所,NaI,H24.3.26,H24.3.26,<25,<25,<25
484,群馬県,群馬県,農政部,埼玉県,-,非流通品,全頭検査,肉・卵,牛肉,群馬県食肉衛生検査所,NaI,H24.3.26,H24.3.26,<25,<25,<25
485,千葉県,北部太平洋まき網漁業協同組合連合会,-,千葉県,銚子市,流通品,日立・鹿島沖約30km北緯35度47分東経141度18分,水産物,マイワシ,（財）日本冷凍食品検査協会,Ge,H24.3.22,H24.3.27,<0.44,1.1,1.7
486,千葉県,北部太平洋まき網漁業協同組合連合会,-,千葉県,銚子市,流通品,日立・鹿島沖約30km北緯35度51分東経141度21分,水産物,マサバ,（財）日本冷凍食品検査協会,Ge,H24.3.22,H24.3.27,<0.52,2,3.3
487,千葉県,千葉県,農林水産部森林課,千葉県,流山市,非流通品,-,野菜類,タケノコ,（財）千葉県環境財団,Ge,H24.3.26,H24.3.27,<3.9,110,140
488,千葉県,千葉県,農林水産部森林課,千葉県,印西市,非流通品,-,野菜類,タケノコ,（財）千葉県環境財団,Ge,H24.3.26,H24.3.27,<3.2,80,100
489,千葉県,千葉県,農林水産部森林課,千葉県,旭市,非流通品,-,野菜類,タケノコ,（財）千葉県環境財団,Ge,H24.3.26,H24.3.27,<2.2,39,44
490,千葉県,千葉県,農林水産部森林課,千葉県,東庄町,非流通品,-,野菜類,タケノコ,（財）千葉県環境財団,Ge,H24.3.26,H24.3.27,<2.4,26,36
491,千葉県,千葉県,農林水産部森林課,千葉県,いすみ市,非流通品,-,野菜類,タケノコ,（財）千葉県環境財団,Ge,H24.3.26,H24.3.27,<2.0,23,32
492,千葉県,千葉県,農林水産部森林課,千葉県,君津市,非流通品,-,野菜類,タケノコ,（財）千葉県環境財団,Ge,H24.3.26,H24.3.27,<2.2,25,38
493,横浜市,横浜市,衛生部局,神奈川県,横浜市,非流通品,-,乳・乳製品,原乳,横浜市衛生研究所,Ge,H24.3.14,H24.3.14,<0.7,<0.5,<0.6
494,横浜市,横浜市,衛生部局,島根県,-,流通品,浜田沖,水産物,マアジ,横浜市衛生研究所,Ge,H24.3.15,H24.3.16,<2.6,<3.2,<2.6
495,横浜市,横浜市,衛生部局,茨城県,-,流通品,日立鹿島沖,水産物,ソゲ（ヒラメ）,横浜市衛生研究所,Ge,H24.3.15,H24.3.16,<3.2,8,8.3
496,横浜市,横浜市,衛生部局,千葉県,-,流通品,銚子,水産物,マイワシ,横浜市衛生研究所,Ge,H24.3.15,H24.3.16,<2.6,<3.0,<3.6
497,横浜市,横浜市,農政部局,神奈川県,横浜市,非流通品,-,野菜類,だいこん,横浜市衛生研究所,Ge,H24.3.19,H24.3.19,<0.6,<0.6,<0.7
498,横浜市,横浜市,農政部局,神奈川県,横浜市,非流通品,-,水産物,メジナ,横浜市衛生研究所,Ge,H24.3.19,H24.3.21,<3.5,3.3,<3.6
499,横浜市,横浜市,農政部局,神奈川県,横浜市,非流通品,-,水産物,マルアジ（アオアジ）,横浜市衛生研究所,Ge,H24.3.19,H24.3.21,<2.6,<2.2,<2.7
500,横浜市,横浜市,農政部局,神奈川県,横浜市,非流通品,-,野菜類,タケノコ,横浜市衛生研究所,Ge,H24.3.22,H24.3.22,<1.4,16,22
501,横浜市,横浜市,衛生部局,福井県,-,流通品,-,水産物,アカガレイ,横浜市衛生研究所,Ge,H24.3.22,H24.3.23,<2.6,<2.3,<2.5
502,横浜市,横浜市,衛生部局,千葉県,-,流通品,-,水産物,カツオ,横浜市衛生研究所,Ge,H24.3.22,H24.3.23,<2.2,<3.2,3.2
503,横浜市,横浜市,衛生部局,宮城県,-,流通品,-,水産物,スズキ,横浜市衛生研究所,Ge,H24.3.22,H24.3.23,<3.0,14,21
504,相模原市,相模原市,こども育成部,栃木県,鹿沼市,流通品,-,野菜類,ニラ,相模原市衛生試験所,Ge,H24.3.26,H24.3.26,<0.8,<0.9,<0.9
505,新潟県,新潟県,福祉保健部,新潟県,燕市,流通品,-,野菜類,きゅうり,（財）新潟県環境衛生研究所,Ge,H24.3.26,H24.3.27,<5,<5,<5
506,新潟県,新潟県,福祉保健部,新潟県,長岡市,流通品,-,野菜類,れんこん,（財）新潟県環境衛生研究所,Ge,H24.3.26,H24.3.27,<5,<5,<5
507,新潟県,新潟県,福祉保健部,新潟県,長岡市,流通品,-,野菜類,こまつな,（財）新潟県環境衛生研究所,Ge,H24.3.26,H24.3.27,<5,<5,<5
508,新潟県,新潟県,福祉保健部,新潟県,新潟市,流通品,-,野菜類,みつば,（財）新潟県環境衛生研究所,Ge,H24.3.26,H24.3.27,<5,<5,<5
509,新潟県,新潟県,福祉保健部,新潟県,新潟市,流通品,-,野菜類,チンゲンサイ,（財）新潟県環境衛生研究所,Ge,H24.3.26,H24.3.27,<5,<5,<5
510,新潟県,新潟県,福祉保健部,茨城県,-,流通品,-,野菜類,はくさい,（一財）上越環境科学センター,Ge,H24.3.26,H24.3.27,<5,<5,<5
511,新潟県,新潟県,福祉保健部,千葉県,-,非流通品,-,野菜類,だいこん,（一財）上越環境科学センター,Ge,H24.3.26,H24.3.27,<5,<5,<5
512,新潟県,新潟県,福祉保健部,千葉県,-,非流通品,-,野菜類,さつまいも,（一財）上越環境科学センター,Ge,H24.3.26,H24.3.27,<5,<5,<5
513,新潟県,新潟県,福祉保健部,群馬県,-,流通品,-,野菜類,いちご,（一財）上越環境科学センター,Ge,H24.3.26,H24.3.27,<5,<5,<5
514,新潟県,新潟県,福祉保健部,栃木県,-,流通品,-,野菜類,いちご,（一財）上越環境科学センター,Ge,H24.3.26,H24.3.27,<5,<5,<5
515,新潟県,新潟県,福祉保健部,埼玉県,-,流通品,-,野菜類,きゅうり,（一財）上越環境科学センター,Ge,H24.3.26,H24.3.27,<5,<5,<5
516,新潟県,新潟県,福祉保健部,-,-,流通品,製造所：岩手県,乳・乳製品,牛乳,（一財）上越環境科学センター,Ge,H24.3.26,H24.3.27,<5,<5,<5
517,新潟県,新潟県,福祉保健部,-,-,流通品,製造所：福島県,乳・乳製品,乳飲料,（財）新潟県環境衛生研究所,Ge,H24.3.26,H24.3.27,<5,<5,<5
518,長野県,長野県,健康福祉,群馬県,-,流通品,-,野菜類,ネギ,長野県環境保全研究所,Ge,H24.3.26,H24.3.27,<3,<3,-
519,長野県,長野県,健康福祉,茨城県,-,流通品,-,野菜類,コマツナ,長野県環境保全研究所,Ge,H24.3.26,H24.3.27,<5,<5,-
520,長野県,長野県,健康福祉,茨城県,-,流通品,-,野菜類,イチゴ,長野県環境保全研究所,Ge,H24.3.26,H24.3.27,<3,<3,-
521,静岡県,静岡県,衛生部局,静岡県,富士宮,非流通品,全頭検査,肉・卵,牛肉,（株）エコプロ・リサーチ,Ge,H24.2.29,H24.3.1,<10,<10,<10
522,静岡県,静岡県,衛生部局,静岡県,富士宮,非流通品,全頭検査,肉・卵,牛肉,（株）エコプロ・リサーチ,Ge,H24.2.29,H24.3.1,<10,<10,<10
523,静岡県,静岡県,衛生部局,静岡県,富士宮,非流通品,全頭検査,肉・卵,牛肉,（株）エコプロ・リサーチ,Ge,H24.2.29,H24.3.1,<10,<10,<10
524,静岡県,静岡県,衛生部局,静岡県,富士宮,非流通品,全頭検査,肉・卵,牛肉,（株）エコプロ・リサーチ,Ge,H24.2.29,H24.3.1,<10,<10,<10
525,静岡県,静岡県,衛生部局,静岡県,富士宮,非流通品,全頭検査,肉・卵,牛肉,（株）エコプロ・リサーチ,Ge,H24.2.29,H24.3.1,<10,<10,<10
526,静岡県,静岡県,衛生部局,静岡県,富士宮,非流通品,全頭検査,肉・卵,牛肉,（株）エコプロ・リサーチ,Ge,H24.2.29,H24.3.1,<10,<10,<10
527,静岡県,静岡県,衛生部局,静岡県,富士宮,非流通品,全頭検査,肉・卵,牛肉,（株）エコプロ・リサーチ,Ge,H24.2.29,H24.3.1,<10,<10,<10
528,静岡県,静岡県,衛生部局,静岡県,富士宮,非流通品,全頭検査,肉・卵,牛肉,（株）エコプロ・リサーチ,Ge,H24.2.29,H24.3.1,<10,<10,<10
529,静岡県,静岡県,衛生部局,静岡県,富士宮,非流通品,全頭検査,肉・卵,牛肉,（株）エコプロ・リサーチ,Ge,H24.2.29,H24.3.1,<10,<10,<10
530,静岡県,静岡県,衛生部局,静岡県,富士宮,非流通品,全頭検査,肉・卵,牛肉,（株）エコプロ・リサーチ,Ge,H24.2.29,H24.3.1,<10,<10,<10
531,静岡県,静岡県,衛生部局,静岡県,富士宮,非流通品,全頭検査,肉・卵,牛肉,（株）エコプロ・リサーチ,Ge,H24.2.29,H24.3.1,<10,<10,<10
532,静岡県,静岡県,衛生部局,静岡県,富士宮,非流通品,全頭検査,肉・卵,牛肉,（株）エコプロ・リサーチ,Ge,H24.2.29,H24.3.1,<10,<10,<10
533,静岡県,静岡県,衛生部局,静岡県,富士宮,非流通品,全頭検査,肉・卵,牛肉,（株）エコプロ・リサーチ,Ge,H24.2.29,H24.3.1,<10,<10,<10
534,静岡県,静岡県,衛生部局,静岡県,富士宮,非流通品,全頭検査,肉・卵,牛肉,（株）エコプロ・リサーチ,Ge,H24.2.29,H24.3.1,<10,<10,<10
535,静岡県,静岡県,衛生部局,静岡県,富士宮,非流通品,全頭検査,肉・卵,牛肉,（株）エコプロ・リサーチ,Ge,H24.2.29,H24.3.1,<10,<10,<10
536,静岡県,静岡県,衛生部局,静岡県,富士宮,非流通品,全頭検査,肉・卵,牛肉,（株）エコプロ・リサーチ,Ge,H24.2.29,H24.3.1,<10,<10,<10
537,静岡県,静岡県,衛生部局,静岡県,富士宮,非流通品,全頭検査,肉・卵,牛肉,（株）エコプロ・リサーチ,Ge,H24.2.29,H24.3.1,<10,<10,<10
538,静岡県,静岡県,衛生部局,静岡県,富士宮,非流通品,全頭検査,肉・卵,牛肉,（株）エコプロ・リサーチ,Ge,H24.2.29,H24.3.1,<10,<10,<10
539,静岡県,静岡県,衛生部局,静岡県,富士宮,非流通品,全頭検査,肉・卵,牛肉,（株）エコプロ・リサーチ,Ge,H24.3.8,H24.3.12,<10,<10,<10
540,静岡県,静岡県,衛生部局,静岡県,富士宮,非流通品,全頭検査,肉・卵,牛肉,（株）エコプロ・リサーチ,Ge,H24.3.8,H24.3.12,<10,<10,<10
541,静岡県,静岡県,衛生部局,静岡県,富士宮,非流通品,全頭検査,肉・卵,牛肉,（株）エコプロ・リサーチ,Ge,H24.3.8,H24.3.12,<10,<10,<10
542,静岡県,静岡県,衛生部局,静岡県,富士宮,非流通品,全頭検査,肉・卵,牛肉,（株）エコプロ・リサーチ,Ge,H24.3.8,H24.3.12,<10,<10,<10
543,静岡県,静岡県,衛生部局,静岡県,富士宮,非流通品,全頭検査,肉・卵,牛肉,（株）エコプロ・リサーチ,Ge,H24.3.8,H24.3.12,<10,<10,<10
544,静岡県,静岡県,衛生部局,静岡県,富士宮,非流通品,全頭検査,肉・卵,牛肉,（株）エコプロ・リサーチ,Ge,H24.3.8,H24.3.12,<10,<10,<10
545,静岡県,静岡県,衛生部局,静岡県,富士宮,非流通品,全頭検査,肉・卵,牛肉,（株）エコプロ・リサーチ,Ge,H24.3.8,H24.3.12,<10,<10,<10
546,静岡県,静岡県,衛生部局,静岡県,富士宮,非流通品,全頭検査,肉・卵,牛肉,（株）エコプロ・リサーチ,Ge,H24.3.8,H24.3.12,<10,<10,<10
547,静岡県,静岡県,衛生部局,静岡県,富士宮,非流通品,全頭検査,肉・卵,牛肉,（株）エコプロ・リサーチ,Ge,H24.3.8,H24.3.12,<10,<10,<10
548,静岡県,静岡県,衛生部局,静岡県,富士宮,非流通品,全頭検査,肉・卵,牛肉,（株）エコプロ・リサーチ,Ge,H24.3.8,H24.3.12,<10,<10,<10
549,静岡県,静岡県,衛生部局,静岡県,富士宮,非流通品,全頭検査,肉・卵,牛肉,（株）エコプロ・リサーチ,Ge,H24.3.8,H24.3.12,<10,<10,<10
550,静岡県,静岡県,衛生部局,静岡県,富士宮,非流通品,全頭検査,肉・卵,牛肉,（株）エコプロ・リサーチ,Ge,H24.3.8,H24.3.12,<10,<10,<10
551,静岡県,静岡県,衛生部局,静岡県,富士宮,非流通品,全頭検査,肉・卵,牛肉,（株）エコプロ・リサーチ,Ge,H24.3.8,H24.3.12,<10,<10,<10
552,静岡県,静岡県,衛生部局,静岡県,富士宮,非流通品,全頭検査,肉・卵,牛肉,（株）エコプロ・リサーチ,Ge,H24.3.14,H24.3.16,<10,<10,<10
553,静岡県,静岡県,衛生部局,静岡県,富士宮,非流通品,全頭検査,肉・卵,牛肉,（株）エコプロ・リサーチ,Ge,H24.3.14,H24.3.16,<10,<10,<10
554,静岡県,静岡県,衛生部局,静岡県,富士宮,非流通品,全頭検査,肉・卵,牛肉,（株）エコプロ・リサーチ,Ge,H24.3.14,H24.3.16,<10,<10,<10
555,静岡県,静岡県,衛生部局,静岡県,富士宮,非流通品,全頭検査,肉・卵,牛肉,（株）エコプロ・リサーチ,Ge,H24.3.14,H24.3.16,<10,<10,<10
556,静岡県,静岡県,衛生部局,静岡県,富士宮,非流通品,全頭検査,肉・卵,牛肉,（株）エコプロ・リサーチ,Ge,H24.3.14,H24.3.16,<10,<10,<10
557,静岡県,静岡県,衛生部局,静岡県,富士宮,非流通品,全頭検査,肉・卵,牛肉,（株）エコプロ・リサーチ,Ge,H24.3.14,H24.3.16,<10,<10,<10
558,静岡県,静岡県,衛生部局,静岡県,富士宮,非流通品,全頭検査,肉・卵,牛肉,（株）エコプロ・リサーチ,Ge,H24.3.14,H24.3.16,<10,<10,<10
559,静岡県,静岡県,衛生部局,静岡県,富士宮,非流通品,全頭検査,肉・卵,牛肉,（株）エコプロ・リサーチ,Ge,H24.3.14,H24.3.16,<10,<10,<10
560,静岡県,静岡県,衛生部局,静岡県,富士宮,非流通品,全頭検査,肉・卵,牛肉,（株）エコプロ・リサーチ,Ge,H24.3.14,H24.3.16,<10,<10,<10
561,静岡県,静岡県,衛生部局,静岡県,富士宮,非流通品,全頭検査,肉・卵,牛肉,（株）エコプロ・リサーチ,Ge,H24.3.14,H24.3.16,<10,<10,<10
562,静岡県,静岡県,衛生部局,静岡県,富士宮,非流通品,全頭検査,肉・卵,牛肉,（株）エコプロ・リサーチ,Ge,H24.3.14,H24.3.16,<10,<10,<10
563,静岡県,静岡県,衛生部局,静岡県,富士宮,非流通品,全頭検査,肉・卵,牛肉,（株）エコプロ・リサーチ,Ge,H24.3.14,H24.3.16,<10,<10,<10
564,静岡県,静岡県,衛生部局,静岡県,富士宮,非流通品,全頭検査,肉・卵,牛肉,（株）エコプロ・リサーチ,Ge,H24.3.14,H24.3.16,<10,<10,<10
565,静岡県,静岡県,衛生部局,静岡県,富士宮,非流通品,全頭検査,肉・卵,牛肉,（株）エコプロ・リサーチ,Ge,H24.3.14,H24.3.16,<10,<10,<10
566,静岡県,静岡県,衛生部局,静岡県,富士宮,非流通品,全頭検査,肉・卵,牛肉,（株）エコプロ・リサーチ,Ge,H24.3.14,H24.3.16,<10,<10,<10
567,静岡県,静岡県,衛生部局,静岡県,富士宮,非流通品,全頭検査,肉・卵,牛肉,（株）エコプロ・リサーチ,Ge,H24.3.21,H24.3.23,<10,<10,<10
568,静岡県,静岡県,衛生部局,静岡県,富士宮,非流通品,全頭検査,肉・卵,牛肉,（株）エコプロ・リサーチ,Ge,H24.3.21,H24.3.23,<10,<10,<10
569,静岡県,静岡県,衛生部局,静岡県,富士宮,非流通品,全頭検査,肉・卵,牛肉,（株）エコプロ・リサーチ,Ge,H24.3.21,H24.3.23,<10,<10,<10
570,静岡県,静岡県,衛生部局,静岡県,富士宮,非流通品,全頭検査,肉・卵,牛肉,（株）エコプロ・リサーチ,Ge,H24.3.21,H24.3.23,<10,<10,<10
571,静岡県,静岡県,衛生部局,静岡県,富士宮,非流通品,全頭検査,肉・卵,牛肉,（株）エコプロ・リサーチ,Ge,H24.3.21,H24.3.23,<10,<10,<10
572,静岡県,静岡県,衛生部局,静岡県,富士宮,非流通品,全頭検査,肉・卵,牛肉,（株）エコプロ・リサーチ,Ge,H24.3.21,H24.3.23,<10,<10,<10
573,静岡県,静岡県,衛生部局,静岡県,富士宮,非流通品,全頭検査,肉・卵,牛肉,（株）エコプロ・リサーチ,Ge,H24.3.21,H24.3.23,<10,<10,<10
574,静岡県,静岡県,衛生部局,静岡県,富士宮,非流通品,全頭検査,肉・卵,牛肉,（株）エコプロ・リサーチ,Ge,H24.3.21,H24.3.23,<10,<10,<10
575,静岡県,静岡県,衛生部局,静岡県,富士宮,非流通品,全頭検査,肉・卵,牛肉,（株）エコプロ・リサーチ,Ge,H24.3.21,H24.3.23,<10,<10,<10
576,静岡県,静岡県,衛生部局,静岡県,富士宮,非流通品,全頭検査,肉・卵,牛肉,（株）エコプロ・リサーチ,Ge,H24.3.21,H24.3.23,<10,<10,<10
577,静岡県,静岡県,衛生部局,静岡県,富士宮,非流通品,全頭検査,肉・卵,牛肉,（株）エコプロ・リサーチ,Ge,H24.3.21,H24.3.23,<10,<10,<10
578,静岡県,静岡県,衛生部局,静岡県,富士宮,非流通品,全頭検査,肉・卵,牛肉,（株）エコプロ・リサーチ,Ge,H24.3.21,H24.3.23,<10,<10,<10
579,静岡県,静岡県,衛生部局,静岡県,富士宮,非流通品,全頭検査,肉・卵,牛肉,（株）エコプロ・リサーチ,Ge,H24.3.21,H24.3.23,<10,<10,<10
580,滋賀県,滋賀県,健康福祉部,-,-,流通品,-,その他,氷,滋賀県衛生科学センター,Ge,H24.3.12,H24.3.21,<3.0,<2.7,<3.6
581,滋賀県,滋賀県,健康福祉部,-,-,流通品,-,その他,ドレッシング,滋賀県衛生科学センター,Ge,H24.3.12,H24.3.21,<3.1,<3.4,<3.0
582,京都市,京都市,保健福祉局保健衛生推進室保健医療課,鹿児島,-,非流通品,全頭検査,肉・卵,牛肉,京都市衛生環境研究所,NaI,H24.3.27,H24.3.27,-,<50,-
583,京都市,京都市,保健福祉局保健衛生推進室保健医療課,鹿児島,-,非流通品,全頭検査,肉・卵,牛肉,京都市衛生環境研究所,NaI,H24.3.27,H24.3.27,-,<50,-
584,京都市,京都市,保健福祉局保健衛生推進室保健医療課,鹿児島,-,非流通品,全頭検査,肉・卵,牛肉,京都市衛生環境研究所,NaI,H24.3.27,H24.3.27,-,<50,-
585,京都市,京都市,保健福祉局保健衛生推進室保健医療課,鹿児島,-,非流通品,全頭検査,肉・卵,牛肉,京都市衛生環境研究所,NaI,H24.3.27,H24.3.27,-,<50,-
586,京都市,京都市,保健福祉局保健衛生推進室保健医療課,鹿児島,-,非流通品,全頭検査,肉・卵,牛肉,京都市衛生環境研究所,NaI,H24.3.27,H24.3.27,-,<50,-
587,京都市,京都市,保健福祉局保健衛生推進室保健医療課,鹿児島,-,非流通品,全頭検査,肉・卵,牛肉,京都市衛生環境研究所,NaI,H24.3.27,H24.3.27,-,<50,-
588,京都市,京都市,保健福祉局保健衛生推進室保健医療課,鹿児島,-,非流通品,全頭検査,肉・卵,牛肉,京都市衛生環境研究所,NaI,H24.3.27,H24.3.27,-,<50,-
589,京都市,京都市,保健福祉局保健衛生推進室保健医療課,鹿児島,-,非流通品,全頭検査,肉・卵,牛肉,京都市衛生環境研究所,NaI,H24.3.27,H24.3.27,-,<50,-
590,京都市,京都市,保健福祉局保健衛生推進室保健医療課,鹿児島,-,非流通品,全頭検査,肉・卵,牛肉,京都市衛生環境研究所,NaI,H24.3.27,H24.3.27,-,<50,-
591,京都市,京都市,保健福祉局保健衛生推進室保健医療課,鹿児島,-,非流通品,全頭検査,肉・卵,牛肉,京都市衛生環境研究所,NaI,H24.3.27,H24.3.27,-,<50,-
592,京都市,京都市,保健福祉局保健衛生推進室保健医療課,鹿児島,-,非流通品,全頭検査,肉・卵,牛肉,京都市衛生環境研究所,NaI,H24.3.27,H24.3.27,-,<50,-
593,京都市,京都市,保健福祉局保健衛生推進室保健医療課,鹿児島,-,非流通品,全頭検査,肉・卵,牛肉,京都市衛生環境研究所,NaI,H24.3.27,H24.3.27,-,<50,-
594,京都市,京都市,保健福祉局保健衛生推進室保健医療課,宮崎県,-,非流通品,全頭検査,肉・卵,牛肉,京都市衛生環境研究所,NaI,H24.3.27,H24.3.27,-,<50,-
595,京都市,京都市,保健福祉局保健衛生推進室保健医療課,宮崎県,-,非流通品,全頭検査,肉・卵,牛肉,京都市衛生環境研究所,NaI,H24.3.27,H24.3.27,-,<50,-
596,京都市,京都市,保健福祉局保健衛生推進室保健医療課,宮崎県,-,非流通品,全頭検査,肉・卵,牛肉,京都市衛生環境研究所,NaI,H24.3.27,H24.3.27,-,<50,-
597,京都市,京都市,保健福祉局保健衛生推進室保健医療課,宮崎県,-,非流通品,全頭検査,肉・卵,牛肉,京都市衛生環境研究所,NaI,H24.3.27,H24.3.27,-,<50,-
598,京都市,京都市,保健福祉局保健衛生推進室保健医療課,宮崎県,-,非流通品,全頭検査,肉・卵,牛肉,京都市衛生環境研究所,NaI,H24.3.27,H24.3.27,-,<50,-
599,京都市,京都市,保健福祉局保健衛生推進室保健医療課,宮崎県,-,非流通品,全頭検査,肉・卵,牛肉,京都市衛生環境研究所,NaI,H24.3.27,H24.3.27,-,<50,-
600,京都市,京都市,保健福祉局保健衛生推進室保健医療課,宮崎県,-,非流通品,全頭検査,肉・卵,牛肉,京都市衛生環境研究所,NaI,H24.3.27,H24.3.27,-,<50,-
601,京都市,京都市,保健福祉局保健衛生推進室保健医療課,宮崎県,-,非流通品,全頭検査,肉・卵,牛肉,京都市衛生環境研究所,NaI,H24.3.27,H24.3.27,-,<50,-
602,京都市,京都市,保健福祉局保健衛生推進室保健医療課,宮崎県,-,非流通品,全頭検査,肉・卵,牛肉,京都市衛生環境研究所,NaI,H24.3.27,H24.3.27,-,<50,-
603,京都市,京都市,保健福祉局保健衛生推進室保健医療課,宮崎県,-,非流通品,全頭検査,肉・卵,牛肉,京都市衛生環境研究所,NaI,H24.3.27,H24.3.27,-,<50,-
604,京都市,京都市,保健福祉局保健衛生推進室保健医療課,宮崎県,-,非流通品,全頭検査,肉・卵,牛肉,京都市衛生環境研究所,NaI,H24.3.27,H24.3.27,-,<50,-
605,京都市,京都市,保健福祉局保健衛生推進室保健医療課,宮崎県,-,非流通品,全頭検査,肉・卵,牛肉,京都市衛生環境研究所,NaI,H24.3.27,H24.3.27,-,<50,-
606,京都市,京都市,保健福祉局保健衛生推進室保健医療課,宮崎県,-,非流通品,全頭検査,肉・卵,牛肉,京都市衛生環境研究所,NaI,H24.3.27,H24.3.27,-,<50,-
607,京都市,京都市,保健福祉局保健衛生推進室保健医療課,長崎県,-,非流通品,全頭検査,肉・卵,牛肉,京都市衛生環境研究所,NaI,H24.3.27,H24.3.27,-,<50,-
608,京都市,京都市,保健福祉局保健衛生推進室保健医療課,長崎県,-,非流通品,全頭検査,肉・卵,牛肉,京都市衛生環境研究所,NaI,H24.3.27,H24.3.27,-,<50,-
609,京都市,京都市,保健福祉局保健衛生推進室保健医療課,長崎県,-,非流通品,全頭検査,肉・卵,牛肉,京都市衛生環境研究所,NaI,H24.3.27,H24.3.27,-,<50,-
610,京都市,京都市,保健福祉局保健衛生推進室保健医療課,長崎県,-,非流通品,全頭検査,肉・卵,牛肉,京都市衛生環境研究所,NaI,H24.3.27,H24.3.27,-,<50,-
611,京都市,京都市,保健福祉局保健衛生推進室保健医療課,長崎県,-,非流通品,全頭検査,肉・卵,牛肉,京都市衛生環境研究所,NaI,H24.3.27,H24.3.27,-,<50,-
612,京都市,京都市,保健福祉局保健衛生推進室保健医療課,長崎県,-,非流通品,全頭検査,肉・卵,牛肉,京都市衛生環境研究所,NaI,H24.3.27,H24.3.27,-,<50,-
613,京都市,京都市,保健福祉局保健衛生推進室保健医療課,長崎県,-,非流通品,全頭検査,肉・卵,牛肉,京都市衛生環境研究所,NaI,H24.3.27,H24.3.27,-,<50,-
614,京都市,京都市,保健福祉局保健衛生推進室保健医療課,長崎県,-,非流通品,全頭検査,肉・卵,牛肉,京都市衛生環境研究所,NaI,H24.3.27,H24.3.27,-,<50,-
615,京都市,京都市,保健福祉局保健衛生推進室保健医療課,長崎県,-,非流通品,全頭検査,肉・卵,牛肉,京都市衛生環境研究所,NaI,H24.3.27,H24.3.27,-,<50,-
616,京都市,京都市,保健福祉局保健衛生推進室保健医療課,長崎県,-,非流通品,全頭検査,肉・卵,牛肉,京都市衛生環境研究所,NaI,H24.3.27,H24.3.27,-,<50,-
617,京都市,京都市,保健福祉局保健衛生推進室保健医療課,長崎県,-,非流通品,全頭検査,肉・卵,牛肉,京都市衛生環境研究所,NaI,H24.3.27,H24.3.27,-,<50,-
618,京都市,京都市,保健福祉局保健衛生推進室保健医療課,長崎県,-,非流通品,全頭検査,肉・卵,牛肉,京都市衛生環境研究所,NaI,H24.3.27,H24.3.27,-,<50,-
619,京都市,京都市,保健福祉局保健衛生推進室保健医療課,長崎県,-,非流通品,全頭検査,肉・卵,牛肉,京都市衛生環境研究所,NaI,H24.3.27,H24.3.27,-,<50,-
620,京都市,京都市,保健福祉局保健衛生推進室保健医療課,宮崎県,-,非流通品,全頭検査,肉・卵,牛肉,京都市衛生環境研究所,NaI,H24.3.27,H24.3.27,-,<50,-
621,京都市,京都市,保健福祉局保健衛生推進室保健医療課,鹿児島県,-,非流通品,全頭検査,肉・卵,牛肉,京都市衛生環境研究所,NaI,H24.3.27,H24.3.27,-,<50,-
622,京都市,京都市,保健福祉局保健衛生推進室保健医療課,鹿児島県,-,非流通品,全頭検査,肉・卵,牛肉,京都市衛生環境研究所,NaI,H24.3.27,H24.3.27,-,<50,-
623,京都市,京都市,保健福祉局保健衛生推進室保健医療課,鹿児島県,-,非流通品,全頭検査,肉・卵,牛肉,京都市衛生環境研究所,NaI,H24.3.27,H24.3.27,-,<50,-
624,京都市,京都市,保健福祉局保健衛生推進室保健医療課,京都府,-,非流通品,全頭検査,肉・卵,牛肉,京都市衛生環境研究所,NaI,H24.3.27,H24.3.27,-,<50,-
625,京都市,京都市,保健福祉局保健衛生推進室保健医療課,京都府,-,非流通品,全頭検査,肉・卵,牛肉,京都市衛生環境研究所,NaI,H24.3.27,H24.3.27,-,<50,-
626,京都市,京都市,保健福祉局保健衛生推進室保健医療課,京都府,-,非流通品,全頭検査,肉・卵,牛肉,京都市衛生環境研究所,NaI,H24.3.27,H24.3.27,-,<50,-
627,京都市,京都市,保健福祉局保健衛生推進室保健医療課,京都府,-,非流通品,全頭検査,肉・卵,牛肉,京都市衛生環境研究所,NaI,H24.3.27,H24.3.27,-,<50,-
628,京都市,京都市,保健福祉局保健衛生推進室保健医療課,京都府,-,非流通品,全頭検査,肉・卵,牛肉,京都市衛生環境研究所,NaI,H24.3.27,H24.3.27,-,<50,-
629,京都市,京都市,保健福祉局保健衛生推進室保健医療課,香川県,-,非流通品,全頭検査,肉・卵,牛肉,京都市衛生環境研究所,NaI,H24.3.27,H24.3.27,-,<50,-
630,京都市,京都市,保健福祉局保健衛生推進室保健医療課,香川県,-,非流通品,全頭検査,肉・卵,牛肉,京都市衛生環境研究所,NaI,H24.3.27,H24.3.27,-,<50,-
631,京都市,京都市,保健福祉局保健衛生推進室保健医療課,香川県,-,非流通品,全頭検査,肉・卵,牛肉,京都市衛生環境研究所,NaI,H24.3.27,H24.3.27,-,<50,-
632,京都市,京都市,保健福祉局保健衛生推進室保健医療課,香川県,-,非流通品,全頭検査,肉・卵,牛肉,京都市衛生環境研究所,NaI,H24.3.27,H24.3.27,-,<50,-
633,京都市,京都市,保健福祉局保健衛生推進室保健医療課,香川県,-,非流通品,全頭検査,肉・卵,牛肉,京都市衛生環境研究所,NaI,H24.3.27,H24.3.27,-,<50,-
634,京都市,京都市,保健福祉局保健衛生推進室保健医療課,宮崎県,-,非流通品,全頭検査,肉・卵,牛肉,京都市衛生環境研究所,NaI,H24.3.27,H24.3.27,-,<50,-
635,京都市,京都市,保健福祉局保健衛生推進室保健医療課,宮崎県,-,非流通品,全頭検査,肉・卵,牛肉,京都市衛生環境研究所,NaI,H24.3.27,H24.3.27,-,<50,-
636,京都市,京都市,保健福祉局保健衛生推進室保健医療課,宮崎県,-,非流通品,全頭検査,肉・卵,牛肉,京都市衛生環境研究所,NaI,H24.3.27,H24.3.27,-,<50,-
637,京都市,京都市,保健福祉局保健衛生推進室保健医療課,宮崎県,-,非流通品,全頭検査,肉・卵,牛肉,京都市衛生環境研究所,NaI,H24.3.27,H24.3.27,-,<50,-
638,京都市,京都市,保健福祉局保健衛生推進室保健医療課,宮崎県,-,非流通品,全頭検査,肉・卵,牛肉,京都市衛生環境研究所,NaI,H24.3.27,H24.3.27,-,<50,-
639,京都市,京都市,保健福祉局保健衛生推進室保健医療課,宮崎県,-,非流通品,全頭検査,肉・卵,牛肉,京都市衛生環境研究所,NaI,H24.3.27,H24.3.27,-,<50,-
640,島根県,島根県,農政部局,島根県,奥出雲町,非流通品,全頭検査,肉・卵,牛肉,（株）エフイーエーシー,NaI,H24.3.22,H24.3.23,-,<25,-
641,島根県,島根県,農政部局,島根県,奥出雲町,非流通品,全頭検査,肉・卵,牛肉,（株）エフイーエーシー,NaI,H24.3.22,H24.3.23,-,<25,-
642,島根県,島根県,農政部局,島根県,雲南市,非流通品,全頭検査,肉・卵,牛肉,（株）エフイーエーシー,NaI,H24.3.22,H24.3.23,-,<25,-
643,島根県,島根県,農政部局,島根県,雲南市,非流通品,全頭検査,肉・卵,牛肉,（株）エフイーエーシー,NaI,H24.3.22,H24.3.23,-,<25,-
644,島根県,島根県,農政部局,島根県,雲南市,非流通品,全頭検査,肉・卵,牛肉,（株）エフイーエーシー,NaI,H24.3.22,H24.3.23,-,<25,-
645,島根県,島根県,農政部局,島根県,奥出雲町,非流通品,全頭検査,肉・卵,牛肉,（株）エフイーエーシー,NaI,H24.3.22,H24.3.23,-,<25,-
646,島根県,島根県,農政部局,島根県,奥出雲町,非流通品,全頭検査,肉・卵,牛肉,（株）エフイーエーシー,NaI,H24.3.22,H24.3.23,-,<25,-
647,島根県,島根県,農政部局,島根県,奥出雲町,非流通品,全頭検査,肉・卵,牛肉,（株）エフイーエーシー,NaI,H24.3.22,H24.3.23,-,<25,-
648,島根県,島根県,農政部局,島根県,奥出雲町,非流通品,全頭検査,肉・卵,牛肉,（株）エフイーエーシー,NaI,H24.3.22,H24.3.23,-,<25,-
649,島根県,島根県,農政部局,島根県,奥出雲町,非流通品,全頭検査,肉・卵,牛肉,（株）エフイーエーシー,NaI,H24.3.22,H24.3.23,-,<25,-
650,島根県,島根県,農政部局,島根県,邑南町,非流通品,全頭検査,肉・卵,牛肉,（株）エフイーエーシー,NaI,H24.3.22,H24.3.23,-,<25,-
651,島根県,島根県,農政部局,島根県,邑南町,非流通品,全頭検査,肉・卵,牛肉,（株）エフイーエーシー,NaI,H24.3.22,H24.3.23,-,<25,-
652,島根県,島根県,農政部局,島根県,出雲市,非流通品,全頭検査,肉・卵,牛肉,（株）エフイーエーシー,NaI,H24.3.22,H24.3.23,-,<25,-
653,島根県,島根県,農政部局,島根県,津和野町,非流通品,全頭検査,肉・卵,牛肉,（株）エフイーエーシー,NaI,H24.3.22,H24.3.23,-,<25,-
654,島根県,島根県,農政部局,島根県,出雲市,非流通品,全頭検査,肉・卵,牛肉,（財）島根県環境保健公社,NaI,H24.3.22,H24.3.23,-,<25,-
655,島根県,島根県,農政部局,島根県,出雲市,非流通品,全頭検査,肉・卵,牛肉,（財）島根県環境保健公社,NaI,H24.3.22,H24.3.23,-,<25,-
656,島根県,島根県,農政部局,島根県,出雲市,非流通品,全頭検査,肉・卵,牛肉,（財）島根県環境保健公社,NaI,H24.3.22,H24.3.23,-,<25,-
657,島根県,島根県,農政部局,島根県,出雲市,非流通品,全頭検査,肉・卵,牛肉,（財）島根県環境保健公社,NaI,H24.3.22,H24.3.23,-,<25,-
658,島根県,島根県,農政部局,島根県,美郷町,非流通品,全頭検査,肉・卵,牛肉,（財）島根県環境保健公社,NaI,H24.3.22,H24.3.23,-,<25,-
659,島根県,島根県,農政部局,島根県,美郷町,非流通品,全頭検査,肉・卵,牛肉,（財）島根県環境保健公社,NaI,H24.3.22,H24.3.23,-,<25,-
660,島根県,島根県,農政部局,島根県,美郷町,非流通品,全頭検査,肉・卵,牛肉,（財）島根県環境保健公社,NaI,H24.3.22,H24.3.23,-,<25,-
661,島根県,島根県,農政部局,島根県,美郷町,非流通品,全頭検査,肉・卵,牛肉,（財）島根県環境保健公社,NaI,H24.3.22,H24.3.23,-,<25,-
662,島根県,島根県,農政部局,島根県,美郷町,非流通品,全頭検査,肉・卵,牛肉,（財）島根県環境保健公社,NaI,H24.3.22,H24.3.23,-,<25,-
663,島根県,島根県,農政部局,島根県,美郷町,非流通品,全頭検査,肉・卵,牛肉,（財）島根県環境保健公社,NaI,H24.3.22,H24.3.23,-,<25,-
664,島根県,島根県,農政部局,島根県,美郷町,非流通品,全頭検査,肉・卵,牛肉,（財）島根県環境保健公社,NaI,H24.3.22,H24.3.23,-,<25,-
665,島根県,島根県,農政部局,島根県,美郷町,非流通品,全頭検査,肉・卵,牛肉,（財）島根県環境保健公社,NaI,H24.3.22,H24.3.23,-,<25,-
666,島根県,島根県,農政部局,島根県,美郷町,非流通品,全頭検査,肉・卵,牛肉,（財）島根県環境保健公社,NaI,H24.3.22,H24.3.23,-,<25,-
667,島根県,島根県,農政部局,島根県,美郷町,非流通品,全頭検査,肉・卵,牛肉,（財）島根県環境保健公社,NaI,H24.3.22,H24.3.23,-,<25,-
668,島根県,島根県,農政部局,島根県,美郷町,非流通品,全頭検査,肉・卵,牛肉,（財）島根県環境保健公社,NaI,H24.3.22,H24.3.23,-,<25,-
669,島根県,島根県,農政部局,島根県,美郷町,非流通品,全頭検査,肉・卵,牛肉,（財）島根県環境保健公社,NaI,H24.3.22,H24.3.23,-,<25,-
670,島根県,島根県,農政部局,島根県,安来市,非流通品,全頭検査,肉・卵,牛肉,（株）エフイーエーシー,NaI,H24.3.21,H24.3.23,-,<25,-
671,島根県,島根県,農政部局,島根県,雲南市,非流通品,全頭検査,肉・卵,牛肉,（株）エフイーエーシー,NaI,H24.3.21,H24.3.23,-,<25,-
672,島根県,島根県,農政部局,島根県,出雲市,非流通品,全頭検査,肉・卵,牛肉,（株）エフイーエーシー,NaI,H24.3.26,H24.3.27,-,<25,-
673,島根県,島根県,農政部局,島根県,出雲市,非流通品,全頭検査,肉・卵,牛肉,（株）エフイーエーシー,NaI,H24.3.26,H24.3.27,-,<25,-
674,島根県,島根県,農政部局,島根県,出雲市,非流通品,全頭検査,肉・卵,牛肉,（株）エフイーエーシー,NaI,H24.3.26,H24.3.27,-,<25,-
675,島根県,島根県,農政部局,島根県,出雲市,非流通品,全頭検査,肉・卵,牛肉,（株）エフイーエーシー,NaI,H24.3.26,H24.3.27,-,<25,-
676,島根県,島根県,農政部局,島根県,出雲市,非流通品,全頭検査,肉・卵,牛肉,（株）エフイーエーシー,NaI,H24.3.26,H24.3.27,-,<25,-
677,島根県,島根県,農政部局,島根県,出雲市,非流通品,全頭検査,肉・卵,牛肉,（株）エフイーエーシー,NaI,H24.3.26,H24.3.27,-,<25,-
678,島根県,島根県,農政部局,島根県,出雲市,非流通品,全頭検査,肉・卵,牛肉,（株）エフイーエーシー,NaI,H24.3.26,H24.3.27,-,<25,-
679,島根県,島根県,農政部局,島根県,出雲市,非流通品,全頭検査,肉・卵,牛肉,（株）エフイーエーシー,NaI,H24.3.26,H24.3.27,-,<25,-
680,島根県,島根県,農政部局,島根県,奥出雲町,非流通品,全頭検査,肉・卵,牛肉,（株）エフイーエーシー,NaI,H24.3.26,H24.3.27,-,<25,-
681,島根県,島根県,農政部局,島根県,奥出雲町,非流通品,全頭検査,肉・卵,牛肉,（株）エフイーエーシー,NaI,H24.3.26,H24.3.27,-,<25,-
682,島根県,島根県,農政部局,島根県,奥出雲町,非流通品,全頭検査,肉・卵,牛肉,（株）エフイーエーシー,NaI,H24.3.26,H24.3.27,-,<25,-
683,島根県,島根県,農政部局,島根県,奥出雲町,非流通品,全頭検査,肉・卵,牛肉,（株）エフイーエーシー,NaI,H24.3.26,H24.3.27,-,<25,-
684,島根県,島根県,農政部局,島根県,奥出雲町,非流通品,全頭検査,肉・卵,牛肉,（株）エフイーエーシー,NaI,H24.3.26,H24.3.27,-,<25,-
685,島根県,島根県,農政部局,島根県,大田市,非流通品,全頭検査,肉・卵,牛肉,（株）エフイーエーシー,NaI,H24.3.26,H24.3.27,-,<25,-
686,島根県,島根県,農政部局,島根県,大田市,非流通品,全頭検査,肉・卵,牛肉,（株）エフイーエーシー,NaI,H24.3.26,H24.3.27,-,<25,-
687,島根県,島根県,農政部局,島根県,益田市,非流通品,全頭検査,肉・卵,牛肉,（株）エフイーエーシー,NaI,H24.3.26,H24.3.27,-,<25,-
688,島根県,島根県,農政部局,島根県,益田市,非流通品,全頭検査,肉・卵,牛肉,（株）エフイーエーシー,NaI,H24.3.26,H24.3.27,-,<25,-
689,島根県,島根県,農政部局,島根県,益田市,非流通品,全頭検査,肉・卵,牛肉,（株）エフイーエーシー,NaI,H24.3.26,H24.3.27,-,<25,-
690,島根県,島根県,農政部局,島根県,益田市,非流通品,全頭検査,肉・卵,牛肉,（株）エフイーエーシー,NaI,H24.3.26,H24.3.27,-,<25,-
691,島根県,島根県,農政部局,島根県,益田市,非流通品,全頭検査,肉・卵,牛肉,（株）エフイーエーシー,NaI,H24.3.26,H24.3.27,-,<25,-
692,島根県,島根県,農政部局,島根県,益田市,非流通品,全頭検査,肉・卵,牛肉,（株）エフイーエーシー,NaI,H24.3.26,H24.3.27,-,<25,-
693,島根県,島根県,農政部局,島根県,安来市,非流通品,全頭検査,肉・卵,牛肉,（財）島根県環境保健公社,NaI,H24.3.26,H24.3.27,-,<25,-
694,島根県,島根県,農政部局,島根県,安来市,非流通品,全頭検査,肉・卵,牛肉,（財）島根県環境保健公社,NaI,H24.3.26,H24.3.27,-,<25,-
695,島根県,島根県,農政部局,島根県,安来市,非流通品,全頭検査,肉・卵,牛肉,（財）島根県環境保健公社,NaI,H24.3.26,H24.3.27,-,<25,-
696,島根県,島根県,農政部局,島根県,安来市,非流通品,全頭検査,肉・卵,牛肉,（財）島根県環境保健公社,NaI,H24.3.26,H24.3.27,-,<25,-
697,島根県,島根県,農政部局,島根県,安来市,非流通品,全頭検査,肉・卵,牛肉,（財）島根県環境保健公社,NaI,H24.3.26,H24.3.27,-,<25,-
698,島根県,島根県,農政部局,島根県,大田市,非流通品,全頭検査,肉・卵,牛肉,（財）島根県環境保健公社,NaI,H24.3.26,H24.3.27,-,<25,-
699,島根県,島根県,農政部局,島根県,大田市,非流通品,全頭検査,肉・卵,牛肉,（財）島根県環境保健公社,NaI,H24.3.26,H24.3.27,-,<25,-
700,島根県,島根県,農政部局,島根県,大田市,非流通品,全頭検査,肉・卵,牛肉,（財）島根県環境保健公社,NaI,H24.3.26,H24.3.27,-,<25,-
701,島根県,島根県,農政部局,島根県,益田市,非流通品,全頭検査,肉・卵,牛肉,（財）島根県環境保健公社,NaI,H24.3.26,H24.3.27,-,<25,-
702,島根県,島根県,農政部局,島根県,益田市,非流通品,全頭検査,肉・卵,牛肉,（財）島根県環境保健公社,NaI,H24.3.26,H24.3.27,-,<25,-
703,島根県,島根県,農政部局,島根県,益田市,非流通品,全頭検査,肉・卵,牛肉,（財）島根県環境保健公社,NaI,H24.3.26,H24.3.27,-,<25,-
704,島根県,島根県,農政部局,島根県,益田市,非流通品,全頭検査,肉・卵,牛肉,（財）島根県環境保健公社,NaI,H24.3.26,H24.3.27,-,<25,-
705,島根県,島根県,農政部局,島根県,益田市,非流通品,全頭検査,肉・卵,牛肉,（財）島根県環境保健公社,NaI,H24.3.26,H24.3.27,-,<25,-
706,島根県,島根県,農政部局,島根県,益田市,非流通品,全頭検査,肉・卵,牛肉,（財）島根県環境保健公社,NaI,H24.3.26,H24.3.27,-,<25,-
707,島根県,島根県,農政部局,島根県,益田市,非流通品,全頭検査,肉・卵,牛肉,（財）島根県環境保健公社,NaI,H24.3.26,H24.3.27,-,<25,-
708,島根県,島根県,農政部局,島根県,益田市,非流通品,全頭検査,肉・卵,牛肉,（財）島根県環境保健公社,NaI,H24.3.26,H24.3.27,-,<25,-
709,島根県,島根県,農政部局,島根県,益田市,非流通品,全頭検査,肉・卵,牛肉,（財）島根県環境保健公社,NaI,H24.3.26,H24.3.27,-,<25,-
710,島根県,島根県,農政部局,島根県,益田市,非流通品,全頭検査,肉・卵,牛肉,（財）島根県環境保健公社,NaI,H24.3.26,H24.3.27,-,<25,-
711,島根県,島根県,農政部局,島根県,大田市,非流通品,全頭検査,肉・卵,牛肉,（財）島根県環境保健公社,NaI,H24.3.26,H24.3.27,-,<25,-
1,-,緊急時モニタリング,（福島県）,福島県,会津坂下町,非流通品,-,乳・乳製品,原乳,福島県原子力センター福島支所,Ge,H24.3.27,H24.3.27,<6.6,<11,<7.6
2,-,緊急時モニタリング,（福島県）,福島県,南会津町,非流通品,-,乳・乳製品,原乳,福島県原子力センター福島支所,Ge,H24.3.27,H24.3.27,<6.2,<8.0,<7.0
3,-,緊急時モニタリング,（福島県）,福島県,福島市,非流通品,-,乳・乳製品,原乳,福島県原子力センター福島支所,Ge,H24.3.27,H24.3.27,<6.3,<7.4,<8.0
4,-,緊急時モニタリング,（福島県）,福島県,いわき市,非流通品,-,乳・乳製品,原乳,福島県原子力センター福島支所,Ge,H24.3.27,H24.3.27,<7.4,<7.1,<7.9
5,-,緊急時モニタリング,（福島県）,福島県,本宮市,非流通品,-,乳・乳製品,原乳,福島県原子力センター福島支所,Ge,H24.3.27,H24.3.27,<6.9,<8.4,<5.8
6,-,緊急時モニタリング,（福島県）,福島県,湯川村,非流通品,-,肉・卵,豚肉,福島県原子力センター福島支所,Ge,H24.3.27,H24.3.27,<8.3,<9.7,<9.2
7,-,緊急時モニタリング,（福島県）,福島県,喜多方市,非流通品,-,肉・卵,豚肉,福島県原子力センター福島支所,Ge,H24.3.27,H24.3.27,<7.8,<7.1,<6.4
8,-,緊急時モニタリング,（福島県）,福島県,白河市,非流通品,-,肉・卵,豚肉,福島県原子力センター福島支所,Ge,H24.3.27,H24.3.27,<7.3,<6.9,<6.6
9,-,緊急時モニタリング,（福島県）,福島県,矢吹町,非流通品,-,肉・卵,豚肉,福島県原子力センター福島支所,Ge,H24.3.27,H24.3.27,<6.3,<6.9,<7.3
10,-,緊急時モニタリング,（福島県）,福島県,相馬市,非流通品,-,肉・卵,豚肉,福島県原子力センター福島支所,Ge,H24.3.27,H24.3.27,<6.7,<9.2,<7.5
