No,報告自治体,実施主体,産地_都道府県,産地_市町村,産地_その他,非流通品/流通品,食品カテゴリ,品目_品目名,品目_その他,検査機関,検査法,採取日(購入日),結果判明日,Cs134(Bq/kg),Cs137(Bq/kg),Cs合計(Bq/kg)
1,北海道,北海道,茨城県,行方市,-,流通品,農産物,サツマイモ,-,道立保健所,NaI,H24.10.1,H24.10.1,<10,<10,<20
2,北海道,北海道,岩手県,紫波郡紫波町,-,流通品,農産物,ブドウ,露地,道立保健所,NaI,H24.10.1,H24.10.1,<10,<10,<20
3,北海道,北海道,茨城県,ひたちなか市,-,流通品,農産物,サツマイモ,露地,道立保健所,NaI,H24.10.1,H24.10.2,<10,<10,<20
4,北海道,北海道,群馬県,高崎市,-,流通品,農産物,ナシ,露地,道立保健所,NaI,H24.10.1,H24.10.2,<10,<10,<20
5,北海道,北海道,栃木県,宇都宮市,-,流通品,農産物,ナシ,露地,道立保健所,NaI,H24.10.1,H24.10.2,<10,<10,<20
6,北海道,北海道,茨城県,鉾田市,-,流通品,農産物,ミズナ,-,道立保健所,NaI,H24.10.1,H24.10.2,<10,<10,<20
7,北海道,北海道,茨城県,鉾田市,-,流通品,農産物,サツマイモ,露地,道立保健所,NaI,H24.10.2,H24.10.3,<10,<10,<20
8,北海道,北海道,茨城県,古河市,-,流通品,農産物,ナス,露地,道立保健所,NaI,H24.10.2,H24.10.3,<10,<10,<20
9,北海道,北海道,北海道,登別市,北海道・青森県沖太平洋,流通品,水産物,ブリ,-,（公財）海洋生物環境研究所,Ge,H24.9.26,H24.9.28,<0.38,0.53,0.53
10,北海道,北海道,北海道,登別市,北海道・青森県沖太平洋,流通品,水産物,シロザケ,-,（公財）海洋生物環境研究所,Ge,H24.9.26,H24.9.28,<0.27,<0.28,<0.55
11,北海道,北海道,北海道,稚内市,宗谷沖,流通品,水産物,シロザケ,-,（財）日本冷凍食品検査協会,Ge,H24.9.26,H24.9.29,<0.43,<0.47,<0.90
12,北海道,北海道,北海道,稚内市,宗谷沖,流通品,水産物,スルメイカ,-,（公財）海洋生物環境研究所,Ge,H24.9.22,H24.9.28,<0.44,<0.53,<0.97
13,北海道,北海道,北海道,石狩市,石狩沖,流通品,水産物,シロザケ,-,（公財）海洋生物環境研究所,Ge,H24.9.17,H24.9.28,<0.24,<0.29,<0.53
14,北海道,北海道,北海道,浦河町,日高沖,流通品,水産物,マダラ,-,（公財）海洋生物環境研究所,Ge,H24.9.27,H24.10.1,5,9,14
15,北海道,北海道,北海道,えりも町,日高沖,流通品,水産物,マダラ,-,（公財）海洋生物環境研究所,Ge,H24.9.27,H24.10.1,3.7,6.1,9.8
16,北海道,北海道,北海道,浦河町,日高沖,流通品,水産物,スケトウダラ,-,いであ（株）,Ge,H24.9.27,H24.10.2,<0.49,0.8,0.8
17,北海道,北海道,北海道,浦河町,日高沖,流通品,水産物,ババガレイ,-,いであ（株）,Ge,H24.9.27,H24.10.2,<0.54,<0.50,<1.0
18,北海道,北海道,北海道,浦河町,日高沖,流通品,水産物,ミズダコ,-,（財）日本冷凍食品検査協会,Ge,H24.9.27,H24.10.2,<0.23,<0.29,<0.52
19,北海道,北海道,北海道,苫小牧市,胆振沖,流通品,水産物,マダラ,-,（公財）海洋生物環境研究所,Ge,H24.10.1,H24.10.2,5.9,8.3,14
20,北海道,北海道,北海道,釧路市,釧路十勝沖,流通品,水産物,スケトウダラ,-,（公財）海洋生物環境研究所,Ge,H24.9.26,H24.10.2,<0.48,0.54,0.54
21,北海道,北海道,北海道,釧路市,釧路十勝沖,流通品,水産物,マダラ,-,（公財）海洋生物環境研究所,Ge,H24.9.26,H24.10.2,8.5,15,24
22,北海道,北海道,北海道,釧路市,釧路十勝沖,流通品,水産物,マサバ,-,（公財）海洋生物環境研究所,Ge,H24.9.27,H24.10.2,<0.47,0.59,0.59
23,青森県,青森県,青森県,十和田市,-,流通品,畜産物,牛肉,-,（地独）青森県産業技術センター農産物加工研究所,NaI,H24.9.26,H24.9.28,-,-,<25
24,青森県,青森県,青森県,十和田市,-,流通品,畜産物,牛肉,-,（地独）青森県産業技術センター農産物加工研究所,NaI,H24.9.26,H24.9.28,-,-,<25
25,青森県,青森県,青森県,十和田市,-,流通品,畜産物,牛肉,-,（地独）青森県産業技術センター農産物加工研究所,NaI,H24.9.26,H24.9.28,-,-,<25
26,青森県,青森県,青森県,十和田市,-,流通品,畜産物,牛肉,-,（地独）青森県産業技術センター農産物加工研究所,NaI,H24.9.26,H24.9.28,-,-,<25
27,青森県,青森県,青森県,十和田市,-,流通品,畜産物,牛肉,-,（地独）青森県産業技術センター農産物加工研究所,NaI,H24.9.26,H24.9.28,-,-,<25
28,青森県,青森県,青森県,十和田市,-,流通品,畜産物,牛肉,-,（地独）青森県産業技術センター農産物加工研究所,NaI,H24.9.26,H24.9.28,-,-,<25
29,青森県,青森県,青森県,十和田市,-,流通品,畜産物,牛肉,-,（地独）青森県産業技術センター農産物加工研究所,NaI,H24.9.26,H24.9.28,-,-,<25
30,青森県,青森県,青森県,七戸町,-,流通品,畜産物,牛肉,-,（地独）青森県産業技術センター農産物加工研究所,NaI,H24.9.26,H24.9.28,-,-,<25
31,青森県,青森県,青森県,七戸町,-,流通品,畜産物,牛肉,-,（地独）青森県産業技術センター農産物加工研究所,NaI,H24.9.26,H24.9.28,-,-,<25
32,青森県,青森県,青森県,七戸町,-,流通品,畜産物,牛肉,-,（地独）青森県産業技術センター農産物加工研究所,NaI,H24.9.26,H24.9.28,-,-,<25
33,青森県,青森県,青森県,七戸町,-,流通品,畜産物,牛肉,-,（地独）青森県産業技術センター農産物加工研究所,NaI,H24.9.26,H24.9.28,-,-,<25
34,青森県,青森県,青森県,七戸町,-,流通品,畜産物,牛肉,-,（地独）青森県産業技術センター農産物加工研究所,NaI,H24.9.26,H24.9.28,-,-,<25
35,青森県,青森県,青森県,七戸町,-,流通品,畜産物,牛肉,-,（地独）青森県産業技術センター農産物加工研究所,NaI,H24.9.26,H24.9.28,-,-,<25
36,青森県,青森県,青森県,七戸町,-,流通品,畜産物,牛肉,-,（地独）青森県産業技術センター農産物加工研究所,NaI,H24.9.26,H24.9.28,-,-,<25
37,青森県,青森県,青森県,七戸町,-,流通品,畜産物,牛肉,-,（地独）青森県産業技術センター農産物加工研究所,NaI,H24.9.26,H24.9.28,-,-,<25
38,青森県,青森県,青森県,七戸町,-,流通品,畜産物,牛肉,-,（地独）青森県産業技術センター農産物加工研究所,NaI,H24.9.26,H24.9.28,-,-,<25
39,青森県,青森県,青森県,七戸町,-,流通品,畜産物,牛肉,-,（地独）青森県産業技術センター農産物加工研究所,NaI,H24.9.26,H24.9.28,-,-,<25
40,青森県,青森県,青森県,十和田市,-,流通品,畜産物,牛肉,-,（地独）青森県産業技術センター農産物加工研究所,NaI,H24.9.26,H24.9.28,-,-,<25
41,青森県,青森県,青森県,十和田市,-,流通品,畜産物,牛肉,-,（地独）青森県産業技術センター農産物加工研究所,NaI,H24.9.26,H24.9.28,-,-,<25
42,青森県,青森県,青森県,むつ市,-,流通品,畜産物,牛肉,-,（地独）青森県産業技術センター農産物加工研究所,NaI,H24.9.26,H24.9.28,-,-,<25
43,青森県,青森県,青森県,八戸市,八戸港(八戸沖),非流通品,水産物,アブラツノザメ,-,（地独）青森県産業技術センター,NaI,H24.9.26,H24.9.27,<15,<10,<25
44,青森県,青森県,青森県,八戸市,八戸港(八戸沖),非流通品,水産物,キアンコウ,-,（地独）青森県産業技術センター,NaI,H24.9.26,H24.9.27,<15,<10,<25
45,青森県,青森県,青森県,八戸市,八戸港(八戸沖),非流通品,水産物,ミズダコ,-,（地独）青森県産業技術センター,NaI,H24.9.26,H24.9.27,<15,<10,<25
46,青森県,青森県,青森県,田舎館村,-,非流通品,農産物,リンゴ,-,（地独）青森県産業技術センター,NaI,H24.9.27,H24.9.27,<15,<10,<25
47,青森県,青森県,青森県,つがる市,-,非流通品,農産物,リンゴ,-,（地独）青森県産業技術センター,NaI,H24.9.27,H24.9.27,<15,<10,<25
48,青森県,青森県,青森県,横浜町,-,非流通品,農産物,ナタネ,-,（地独）青森県産業技術センター,NaI,H24.9.25,H24.9.28,<15,<10,<25
49,青森県,青森県,青森県,鰺ヶ沢町,-,非流通品,農産物,リンゴ,-,（地独）青森県産業技術センター,NaI,H24.9.26,H24.9.28,<15,<10,<25
50,青森県,青森県,青森県,八戸市,八戸港(三沢沖),非流通品,水産物,スルメイカ,-,（地独）青森県産業技術センター,NaI,H24.9.26,H24.9.28,<15,<10,<25
51,青森県,青森県,青森県,八戸市,八戸港(八戸沖),非流通品,水産物,ババガレイ,-,（地独）青森県産業技術センター,NaI,H24.9.26,H24.9.28,<15,<10,<25
52,青森県,青森県,青森県,八戸市,八戸港(八戸沖),非流通品,水産物,ヒレグロ,-,（地独）青森県産業技術センター,NaI,H24.9.26,H24.9.28,<15,<10,<25
53,青森県,青森県,青森県,五戸町,-,非流通品,農産物,リンゴ,-,（地独）青森県産業技術センター,NaI,H24.9.27,H24.9.28,<15,<10,<25
54,青森県,青森県,青森県,今別町,-,非流通品,農産物,玄米,-,（社）青森県薬剤師会衛生検査センター,Ge,H24.9.27,H24.9.28,<5,<5,<10
55,青森県,青森県,青森県,大間町,-,非流通品,農産物,玄米,-,（社）青森県薬剤師会衛生検査センター,Ge,H24.9.27,H24.9.28,<5,<5,<10
56,青森県,青森県,青森県,佐井村,-,非流通品,農産物,玄米,-,（社）青森県薬剤師会衛生検査センター,Ge,H24.9.27,H24.9.28,<5,<5,<10
57,青森県,青森県,青森県,七戸町,-,非流通品,農産物,ソバ,-,（社）青森県薬剤師会衛生検査センター,Ge,H24.9.25,H24.9.29,<5,<5,<10
58,青森県,青森県,青森県,十和田市,-,非流通品,農産物,ソバ,-,（社）青森県薬剤師会衛生検査センター,Ge,H24.9.26,H24.9.29,<5,<5,<10
59,青森県,青森県,青森県,黒石市,-,非流通品,農産物,ブドウ,-,（地独）青森県産業技術センター,NaI,H24.10.1,H24.10.1,<15,<10,<25
60,青森県,青森県,青森県,田舎館村,-,非流通品,農産物,ブドウ,-,（地独）青森県産業技術センター,NaI,H24.10.1,H24.10.1,<15,<10,<25
61,青森県,青森県,青森県,野辺地町,野辺地漁港(野辺地沖),非流通品,水産物,ホタテガイ,養殖,（地独）青森県産業技術センター,NaI,H24.9.30,H24.10.2,<15,<10,<25
62,青森県,青森県,青森県,五所川原市,岩木川,非流通品,水産物,コイ,-,（地独）青森県産業技術センター,NaI,H24.9.30,H24.10.2,<15,<10,<25
63,青森県,青森県,青森県,五所川原市,岩木川,非流通品,水産物,フナ,-,（地独）青森県産業技術センター,NaI,H24.9.30,H24.10.2,<15,<10,<25
64,青森県,青森県,青森県,外ヶ浜町,平舘漁港(外ヶ浜町平舘沖),非流通品,水産物,ホタテガイ,養殖,（地独）青森県産業技術センター,NaI,H24.10.1,H24.10.2,<15,<10,<25
65,青森県,青森県,青森県,東北町,-,非流通品,農産物,ダイコン,-,（地独）青森県産業技術センター,NaI,H24.10.1,H24.10.2,<15,<10,<25
66,青森県,青森県,青森県,七戸町,-,非流通品,農産物,アピオス,-,（地独）青森県産業技術センター,NaI,H24.10.1,H24.10.2,<15,<10,<25
67,青森県,青森県,青森県,南部町,-,非流通品,農産物,リンゴ,-,（地独）青森県産業技術センター,NaI,H24.10.2,H24.10.3,<15,<10,<25
68,青森県,青森県,青森県,八戸市,八戸港(八戸沖),非流通品,水産物,ゴマサバ,-,（地独）青森県産業技術センター,NaI,H24.10.3,H24.10.3,<15,<10,<25
69,岩手県,岩手県,岩手県,葛巻町,-,非流通品,畜産物,牛肉,-,岩手県岩畜検査室,NaI,H24.10.3,H24.10.4,<15,<10,<25
70,岩手県,岩手県,岩手県,軽米町,-,非流通品,畜産物,牛肉,-,岩手県岩畜検査室,NaI,H24.10.3,H24.10.4,<15,<10,<25
71,岩手県,岩手県,岩手県,軽米町,-,非流通品,畜産物,牛肉,-,岩手県岩畜検査室,NaI,H24.10.3,H24.10.4,<15,<10,<25
72,岩手県,岩手県,岩手県,軽米町,-,非流通品,畜産物,牛肉,-,岩手県岩畜検査室,NaI,H24.10.3,H24.10.4,<15,<10,<25
73,岩手県,岩手県,岩手県,軽米町,-,非流通品,畜産物,牛肉,-,岩手県岩畜検査室,NaI,H24.10.3,H24.10.4,<15,<10,<25
74,岩手県,岩手県,岩手県,一戸町,-,非流通品,畜産物,牛肉,-,岩手県岩畜検査室,NaI,H24.10.3,H24.10.4,<15,<10,<25
75,岩手県,岩手県,岩手県,一戸町,-,非流通品,畜産物,牛肉,-,岩手県岩畜検査室,NaI,H24.10.3,H24.10.4,<15,<10,<25
76,岩手県,岩手県,岩手県,一戸町,-,非流通品,畜産物,牛肉,-,岩手県岩畜検査室,NaI,H24.10.3,H24.10.4,<15,<10,<25
77,岩手県,岩手県,岩手県,一戸町,-,非流通品,畜産物,牛肉,-,岩手県岩畜検査室,NaI,H24.10.3,H24.10.4,<15,<10,<25
78,岩手県,岩手県,岩手県,一戸町,-,非流通品,畜産物,牛肉,-,岩手県岩畜検査室,NaI,H24.10.3,H24.10.4,<15,<10,<25
79,岩手県,岩手県,岩手県,花巻市,-,非流通品,畜産物,牛肉,-,岩手県岩畜検査室,NaI,H24.10.3,H24.10.4,<15,<10,<25
80,岩手県,岩手県,岩手県,花巻市,-,非流通品,畜産物,牛肉,-,岩手県岩畜検査室,NaI,H24.10.3,H24.10.4,<15,<10,<25
81,岩手県,岩手県,岩手県,花巻市,-,非流通品,畜産物,牛肉,-,岩手県岩畜検査室,NaI,H24.10.3,H24.10.4,<15,<10,<25
82,岩手県,岩手県,岩手県,花巻市,-,非流通品,畜産物,牛肉,-,岩手県岩畜検査室,NaI,H24.10.3,H24.10.4,<15,<10,<25
83,岩手県,岩手県,岩手県,花巻市,-,非流通品,畜産物,牛肉,-,岩手県岩畜検査室,NaI,H24.10.3,H24.10.4,<15,<10,<25
84,岩手県,岩手県,岩手県,二戸市,-,非流通品,畜産物,牛肉,-,岩手県岩畜検査室,NaI,H24.10.3,H24.10.4,<15,<10,<25
85,岩手県,岩手県,岩手県,二戸市,-,非流通品,畜産物,牛肉,-,岩手県岩畜検査室,NaI,H24.10.3,H24.10.4,<15,<10,<25
86,岩手県,岩手県,岩手県,二戸市,-,非流通品,畜産物,牛肉,-,岩手県岩畜検査室,NaI,H24.10.3,H24.10.4,<15,<10,<25
87,岩手県,岩手県,岩手県,葛巻町,-,非流通品,畜産物,牛肉,-,岩手県岩畜検査室,NaI,H24.10.3,H24.10.4,<15,<10,<25
88,岩手県,岩手県,岩手県,葛巻町,-,非流通品,畜産物,牛肉,-,岩手県岩畜検査室,NaI,H24.10.3,H24.10.4,<15,<10,<25
89,岩手県,岩手県,岩手県,葛巻町,-,非流通品,畜産物,牛肉,-,岩手県岩畜検査室,NaI,H24.10.3,H24.10.4,<15,<10,<25
90,岩手県,岩手県,岩手県,葛巻町,-,非流通品,畜産物,牛肉,-,岩手県岩畜検査室,NaI,H24.10.3,H24.10.4,<15,<10,<25
91,岩手県,岩手県,岩手県,葛巻町,-,非流通品,畜産物,牛肉,-,岩手県岩畜検査室,NaI,H24.10.3,H24.10.4,<15,<10,<25
92,岩手県,岩手県,岩手県,葛巻町,-,非流通品,畜産物,牛肉,-,岩手県岩畜検査室,NaI,H24.10.3,H24.10.4,<15,<10,<25
93,岩手県,岩手県,岩手県,葛巻町,-,非流通品,畜産物,牛肉,-,岩手県岩畜検査室,NaI,H24.10.3,H24.10.4,<15,<10,<25
94,岩手県,岩手県,岩手県,葛巻町,-,非流通品,畜産物,牛肉,-,岩手県岩畜検査室,NaI,H24.10.3,H24.10.4,<15,<10,<25
95,岩手県,岩手県,岩手県,葛巻町,-,非流通品,畜産物,牛肉,-,岩手県岩畜検査室,NaI,H24.10.3,H24.10.4,<15,<10,<25
96,岩手県,岩手県,岩手県,葛巻町,-,非流通品,畜産物,牛肉,-,岩手県岩畜検査室,NaI,H24.10.3,H24.10.4,<15,<10,<25
97,岩手県,岩手県,岩手県,葛巻町,-,非流通品,畜産物,牛肉,-,岩手県岩畜検査室,NaI,H24.10.3,H24.10.4,<15,<10,<25
98,岩手県,岩手県,岩手県,葛巻町,-,非流通品,畜産物,牛肉,-,岩手県岩畜検査室,NaI,H24.10.3,H24.10.4,<15,<10,<25
99,岩手県,岩手県,岩手県,葛巻町,-,非流通品,畜産物,牛肉,-,岩手県岩畜検査室,NaI,H24.10.3,H24.10.4,<15,<10,<25
100,岩手県,岩手県,岩手県,葛巻町,-,非流通品,畜産物,牛肉,-,岩手県岩畜検査室,NaI,H24.10.3,H24.10.4,<15,<10,<25
101,岩手県,岩手県,岩手県,葛巻町,-,非流通品,畜産物,牛肉,-,岩手県岩畜検査室,NaI,H24.10.3,H24.10.4,<15,<10,<25
102,岩手県,岩手県,岩手県,葛巻町,-,非流通品,畜産物,牛肉,-,岩手県岩畜検査室,NaI,H24.10.3,H24.10.4,<15,<10,<25
103,岩手県,岩手県,岩手県,葛巻町,-,非流通品,畜産物,牛肉,-,岩手県岩畜検査室,NaI,H24.10.3,H24.10.4,<15,<10,<25
104,岩手県,岩手県,岩手県,葛巻町,-,非流通品,畜産物,牛肉,-,岩手県岩畜検査室,NaI,H24.10.3,H24.10.4,<15,<10,<25
105,岩手県,岩手県,岩手県,盛岡市,-,非流通品,畜産物,牛肉,-,岩手県岩畜検査室,NaI,H24.10.3,H24.10.4,<15,<10,<25
106,岩手県,岩手県,岩手県,盛岡市,-,非流通品,畜産物,牛肉,-,岩手県岩畜検査室,NaI,H24.10.3,H24.10.4,<15,<10,<25
107,岩手県,岩手県,岩手県,岩手町,-,非流通品,畜産物,牛肉,-,岩手県岩畜検査室,NaI,H24.10.3,H24.10.4,<15,<10,<25
108,岩手県,岩手県,岩手県,雫石町,-,非流通品,畜産物,牛肉,-,岩手県岩畜検査室,NaI,H24.10.3,H24.10.4,<15,<10,<25
109,岩手県,岩手県,岩手県,雫石町,-,非流通品,畜産物,牛肉,-,岩手県岩畜検査室,NaI,H24.10.3,H24.10.4,<15,<10,<25
110,岩手県,岩手県,岩手県,雫石町,-,非流通品,畜産物,牛肉,-,岩手県岩畜検査室,NaI,H24.10.3,H24.10.4,<15,<10,<25
111,岩手県,岩手県,岩手県,一戸町,-,非流通品,畜産物,牛肉,-,岩手県岩畜検査室,NaI,H24.10.3,H24.10.4,<15,<10,<25
112,岩手県,岩手県,岩手県,花巻市,-,非流通品,畜産物,牛肉,-,岩手県岩畜検査室,NaI,H24.10.3,H24.10.4,<15,<10,<25
113,岩手県,岩手県,岩手県,花巻市,-,非流通品,畜産物,牛肉,-,岩手県岩畜検査室,NaI,H24.10.3,H24.10.4,<15,<10,<25
114,岩手県,岩手県,岩手県,花巻市,-,非流通品,畜産物,牛肉,-,岩手県岩畜検査室,NaI,H24.10.3,H24.10.4,<15,<10,<25
115,岩手県,岩手県,岩手県,花巻市,-,非流通品,畜産物,牛肉,-,岩手県岩畜検査室,NaI,H24.10.3,H24.10.4,<15,<10,<25
116,岩手県,岩手県,岩手県,葛巻町,-,非流通品,畜産物,牛肉,-,岩手県岩畜検査室,NaI,H24.10.3,H24.10.4,<15,<10,<25
117,岩手県,岩手県,岩手県,葛巻町,-,非流通品,畜産物,牛肉,-,岩手県岩畜検査室,NaI,H24.10.3,H24.10.4,<15,<10,<25
118,岩手県,岩手県,岩手県,葛巻町,-,非流通品,畜産物,牛肉,-,岩手県岩畜検査室,NaI,H24.10.3,H24.10.4,<15,<10,<25
119,岩手県,岩手県,岩手県,葛巻町,-,非流通品,畜産物,牛肉,-,岩手県岩畜検査室,NaI,H24.10.3,H24.10.4,<15,<10,<25
120,岩手県,岩手県,岩手県,花巻市,-,非流通品,畜産物,牛肉,-,岩手県岩畜検査室,NaI,H24.10.3,H24.10.4,<15,<10,<25
121,岩手県,岩手県,岩手県,花巻市,-,非流通品,畜産物,牛肉,-,岩手県岩畜検査室,NaI,H24.10.3,H24.10.4,<15,11.6,12
122,岩手県,岩手県,岩手県,滝沢村,-,非流通品,畜産物,牛肉,-,岩手県岩畜検査室,NaI,H24.10.3,H24.10.4,<15,11,11
123,岩手県,岩手県,岩手県,花巻市,-,非流通品,畜産物,牛肉,-,岩手県岩畜検査室,NaI,H24.10.3,H24.10.4,<15,<10,<25
124,岩手県,岩手県,岩手県,滝沢村,-,非流通品,農産物,原木生しいたけ,露地,岩手県農業研究センター,Ge,H24.10.2,H24.10.3,<6.67,11.6,12
125,岩手県,岩手県,岩手県,一関市,-,非流通品,農産物,菌床しいたけ,施設,岩手県農業研究センター,Ge,H24.10.2,H24.10.3,<7.67,<7.50,<15
126,岩手県,岩手県,岩手県,一関市,-,非流通品,農産物,菌床しいたけ,施設,岩手県農業研究センター,Ge,H24.10.2,H24.10.3,<10.1,<8.28,<18
127,岩手県,岩手県,岩手県,宮古市,-,非流通品,農産物,原木まいたけ,露地,岩手県農業研究センター,Ge,H24.10.2,H24.10.3,<11.1,<8.01,<19
128,岩手県,岩手県,岩手県,西和賀町,-,非流通品,農産物,原木なめこ,露地,岩手県農業研究センター,Ge,H24.10.2,H24.10.3,<9.20,<9.07,<18
129,岩手県,岩手県,岩手県,花巻市,-,非流通品,農産物,野生きのこ類（マスタケ）,-,岩手県環境保健研究センター,Ge,H24.9.29,H24.10.3,<5.2,5.8,5.8
130,岩手県,岩手県,岩手県,大船渡市,-,非流通品,農産物,野生きのこ類（コムラサキシメジ）,-,岩手県環境保健研究センター,Ge,H24.9.27,H24.10.3,<4.8,<3.8,<8.6
131,岩手県,岩手県,岩手県,軽米町,-,非流通品,農産物,野生きのこ類（アミタケ）,-,岩手県環境保健研究センター,Ge,H24.10.1,H24.10.3,7.1,9.9,17
132,岩手県,岩手県,岩手県,軽米町,-,非流通品,農産物,野生きのこ類（ヌメリイグチ）,-,岩手県環境保健研究センター,Ge,H24.10.1,H24.10.3,13,17,31
133,岩手県,岩手県,岩手県,野田村,-,非流通品,農産物,野生きのこ類（クロカワダケ）,-,岩手県環境保健研究センター,Ge,H24.9.29,H24.10.3,<4.9,27,27
134,岩手県,岩手県,岩手県,九戸村,-,非流通品,農産物,野生きのこ類（ハタケシメジ）,-,岩手県環境保健研究センター,Ge,H24.10.2,H24.10.3,<4.1,<4.6,<8.7
135,宮城県,宮城県,宮城県,七ヶ宿町,-,非流通品,農産物,ソバ,露地,（財）日本冷凍食品検査協会,Ge,H24.9.24,H24.9.27,<4.3,<5.3,<9.6
136,宮城県,宮城県,宮城県,七ヶ宿町,-,非流通品,農産物,ソバ,露地,（財）日本冷凍食品検査協会,Ge,H24.9.24,H24.9.27,<4.6,<3.9,<8.5
137,宮城県,宮城県,宮城県,七ヶ宿町,-,非流通品,農産物,ソバ,露地,（財）日本冷凍食品検査協会,Ge,H24.10.1,H24.10.3,<3.3,3.87,3.9
138,仙台市,仙台市,宮城県,-,-,流通品,農産物,キュウリ,-,仙台市食品監視センター,NaI,H24.10.1,H24.10.1,-,-,<25
139,仙台市,仙台市,宮城県,-,-,流通品,農産物,ダイコン,-,仙台市食品監視センター,NaI,H24.10.1,H24.10.1,-,-,<25
140,仙台市,仙台市,栃木県,-,-,流通品,農産物,ナシ,-,仙台市食品監視センター,NaI,H24.10.1,H24.10.1,-,-,<25
141,仙台市,仙台市,茨城県,-,-,流通品,農産物,ニラ,-,仙台市食品監視センター,NaI,H24.10.1,H24.10.1,-,-,<25
142,仙台市,仙台市,青森県,-,小川原湖,流通品,水産物,ワカサギ,-,仙台市食品監視センター,NaI,H24.10.2,H24.10.2,-,-,<25
143,仙台市,仙台市,宮城県,-,三陸南部沖,流通品,水産物,カツオ,-,仙台市食品監視センター,NaI,H24.10.2,H24.10.2,-,-,<25
144,仙台市,仙台市,宮城県,-,三陸南部沖,流通品,水産物,ゴマサバ,-,仙台市食品監視センター,NaI,H24.10.2,H24.10.2,-,-,<25
145,仙台市,仙台市,宮城県,-,宮城県沖,流通品,水産物,チダイ,-,仙台市食品監視センター,NaI,H24.10.2,H24.10.2,-,-,<25
146,山形県,山形県,山形県,山形市,-,非流通品,畜産物,牛肉,全頭検査,山形県農林水産部,NaI,-,H24.10.3,-,-,<25
147,山形県,山形県,山形県,山形市,-,非流通品,畜産物,牛肉,全頭検査,山形県農林水産部,NaI,-,H24.10.3,-,-,<25
148,山形県,山形県,山形県,新庄市,-,非流通品,畜産物,牛肉,全頭検査,山形県農林水産部,NaI,-,H24.10.3,-,-,<25
149,山形県,山形県,山形県,新庄市,-,非流通品,畜産物,牛肉,全頭検査,山形県農林水産部,NaI,-,H24.10.3,-,-,<25
150,山形県,山形県,山形県,新庄市,-,非流通品,畜産物,牛肉,全頭検査,山形県農林水産部,NaI,-,H24.10.3,-,-,<25
151,山形県,山形県,山形県,新庄市,-,非流通品,畜産物,牛肉,全頭検査,山形県農林水産部,NaI,-,H24.10.3,-,-,<25
152,山形県,山形県,山形県,新庄市,-,非流通品,畜産物,牛肉,全頭検査,山形県農林水産部,NaI,-,H24.10.3,-,-,<25
153,山形県,山形県,山形県,天童市,-,非流通品,畜産物,牛肉,全頭検査,山形県農林水産部,NaI,-,H24.10.3,-,-,<25
154,山形県,山形県,山形県,天童市,-,非流通品,畜産物,牛肉,全頭検査,山形県農林水産部,NaI,-,H24.10.3,-,-,<25
155,山形県,山形県,山形県,天童市,-,非流通品,畜産物,牛肉,全頭検査,山形県農林水産部,NaI,-,H24.10.3,-,-,<25
156,山形県,山形県,山形県,天童市,-,非流通品,畜産物,牛肉,全頭検査,山形県農林水産部,NaI,-,H24.10.3,-,-,<25
157,山形県,山形県,山形県,天童市,-,非流通品,畜産物,牛肉,全頭検査,山形県農林水産部,NaI,-,H24.10.3,-,-,<25
158,山形県,山形県,山形県,尾花沢市,-,非流通品,畜産物,牛肉,全頭検査,山形県農林水産部,NaI,-,H24.10.3,-,-,<25
159,山形県,山形県,山形県,尾花沢市,-,非流通品,畜産物,牛肉,全頭検査,山形県農林水産部,NaI,-,H24.10.3,-,-,<25
160,山形県,山形県,山形県,尾花沢市,-,非流通品,畜産物,牛肉,全頭検査,山形県農林水産部,NaI,-,H24.10.3,-,-,<25
161,山形県,山形県,山形県,尾花沢市,-,非流通品,畜産物,牛肉,全頭検査,山形県農林水産部,NaI,-,H24.10.3,-,-,<25
162,山形県,山形県,山形県,尾花沢市,-,非流通品,畜産物,牛肉,全頭検査,山形県農林水産部,NaI,-,H24.10.3,-,-,<25
163,山形県,山形県,山形県,尾花沢市,-,非流通品,畜産物,牛肉,全頭検査,山形県農林水産部,NaI,-,H24.10.3,-,-,<25
164,山形県,山形県,山形県,尾花沢市,-,非流通品,畜産物,牛肉,全頭検査,山形県農林水産部,NaI,-,H24.10.3,-,-,<25
165,山形県,山形県,山形県,尾花沢市,-,非流通品,畜産物,牛肉,全頭検査,山形県農林水産部,NaI,-,H24.10.3,-,-,<25
166,山形県,山形県,山形県,尾花沢市,-,非流通品,畜産物,牛肉,全頭検査,山形県農林水産部,NaI,-,H24.10.3,-,-,<25
167,山形県,山形県,山形県,尾花沢市,-,非流通品,畜産物,牛肉,全頭検査,山形県農林水産部,NaI,-,H24.10.3,-,-,<25
168,山形県,山形県,山形県,尾花沢市,-,非流通品,畜産物,牛肉,全頭検査,山形県農林水産部,NaI,-,H24.10.3,-,-,<25
169,山形県,山形県,山形県,尾花沢市,-,非流通品,畜産物,牛肉,全頭検査,山形県農林水産部,NaI,-,H24.10.3,-,-,<25
170,山形県,山形県,山形県,尾花沢市,-,非流通品,畜産物,牛肉,全頭検査,山形県農林水産部,NaI,-,H24.10.3,-,-,<25
171,山形県,山形県,山形県,尾花沢市,-,非流通品,畜産物,牛肉,全頭検査,山形県農林水産部,NaI,-,H24.10.3,-,-,<25
172,山形県,山形県,山形県,最上町,-,非流通品,畜産物,牛肉,全頭検査,山形県農林水産部,NaI,-,H24.10.3,-,-,<25
173,山形県,山形県,山形県,最上町,-,非流通品,畜産物,牛肉,全頭検査,山形県農林水産部,NaI,-,H24.10.3,-,-,<25
174,山形県,山形県,山形県,最上町,-,非流通品,畜産物,牛肉,全頭検査,山形県農林水産部,NaI,-,H24.10.3,-,-,<25
175,山形県,山形県,山形県,最上町,-,非流通品,畜産物,牛肉,全頭検査,山形県農林水産部,NaI,-,H24.10.3,-,-,<25
176,山形県,山形県,山形県,最上町,-,非流通品,畜産物,牛肉,全頭検査,山形県農林水産部,NaI,-,H24.10.3,-,-,<25
177,山形県,山形県,山形県,最上町,-,非流通品,畜産物,牛肉,全頭検査,山形県農林水産部,NaI,-,H24.10.3,-,-,<25
178,山形県,山形県,山形県,最上町,-,非流通品,畜産物,牛肉,全頭検査,山形県農林水産部,NaI,-,H24.10.3,-,-,<25
179,山形県,山形県,山形県,最上町,-,非流通品,畜産物,牛肉,全頭検査,山形県農林水産部,NaI,-,H24.10.3,-,-,<25
180,山形県,山形県,山形県,最上町,-,非流通品,畜産物,牛肉,全頭検査,山形県農林水産部,NaI,-,H24.10.3,-,-,<25
181,山形県,山形県,山形県,最上町,-,非流通品,畜産物,牛肉,全頭検査,山形県農林水産部,NaI,-,H24.10.3,-,-,<25
182,山形県,山形県,山形県,最上町,-,非流通品,畜産物,牛肉,全頭検査,山形県農林水産部,NaI,-,H24.10.3,-,-,<25
183,山形県,山形県,山形県,最上町,-,非流通品,畜産物,牛肉,全頭検査,山形県農林水産部,NaI,-,H24.10.3,-,-,<25
184,山形県,山形県,山形県,最上町,-,非流通品,畜産物,牛肉,全頭検査,山形県農林水産部,NaI,-,H24.10.3,-,-,<25
185,山形県,山形県,山形県,最上町,-,非流通品,畜産物,牛肉,全頭検査,山形県農林水産部,NaI,-,H24.10.3,-,-,<25
186,山形県,山形県,山形県,庄内町,-,非流通品,畜産物,牛肉,全頭検査,山形県農林水産部,NaI,-,H24.10.4,-,-,<25
187,山形県,山形県,山形県,庄内町,-,非流通品,畜産物,牛肉,全頭検査,山形県農林水産部,NaI,-,H24.10.4,-,-,<25
188,山形県,山形県,山形県,鶴岡市,庄内地域,非流通品,農産物,カキ,露地,山形県衛生研究所,Ge,H24.10.2,H24.10.4,<3.4,<5.1,<8.5
189,山形県,山形県,山形県,遊佐町,庄内地域,非流通品,農産物,カキ,露地,山形県衛生研究所,Ge,H24.10.2,H24.10.4,<5.0,<5.0,<10
190,山形県,山形県,山形県,大蔵村,最上地域,非流通品,農産物,ネギ,露地,山形県衛生研究所,Ge,H24.10.2,H24.10.4,<6.5,<5.8,<12
191,山形県,山形県,山形県,鶴岡市,庄内地域,非流通品,農産物,カブ,露地,山形県衛生研究所,Ge,H24.10.2,H24.10.4,<5.3,<6.8,<12
192,山形県,山形県,山形県,遊佐町,庄内地域月光川,非流通品,水産物,モクズガニ,-,日本環境科学㈱,Ge,H24.10.2,H24.10.4,<4.0,<4.0,<8.0
193,茨城県,茨城県,茨城県,常陸太田市,CS（日立市，常陸太田市，高萩市，北茨城市，常陸大宮市（一部），大子町）,非流通品,牛乳・乳児用食品,原乳,-,茨城県環境放射線監視センター,Ge,H24.10.2,H24.10.3,<0.38,<0.45,<0.83
194,茨城県,茨城県,茨城県,笠間市,CS（常陸大宮市（一部），水戸市，笠間市，ひたちなか市，那珂市，小美玉市，茨城町，大洗町，城里町，鉾田市，行方市，土浦市，石岡市，かすみがうら市，桜川市（一部），潮来市，鹿嶋市，神栖市，稲敷市（一部），河内町，利根町）,非流通品,牛乳・乳児用食品,原乳,-,茨城県環境放射線監視センター,Ge,H24.10.2,H24.10.3,<0.53,<0.61,<1.14
195,茨城県,茨城県,茨城県,常総市,CS（美浦村，阿見町，稲敷市（一部），龍ヶ崎市，取手市，牛久市，つくば市，守谷市，つくばみらい市，桜川市（一部），古河市，結城市，下妻市，常総市，筑西市，坂東市，八千代町，五霞町，境町）,非流通品,牛乳・乳児用食品,原乳,-,茨城県環境放射線監視センター,Ge,H24.10.2,H24.10.3,<0.52,<0.54,<1.06
196,茨城県,茨城県,茨城県,境町,-,非流通品,農産物,レタス,-,茨城県農業総合センター,NaI,H24.10.110.3,H24.10.4,-,-,<25
197,茨城県,茨城県,茨城県,境町,-,非流通品,農産物,リーフレタス,-,茨城県農業総合センター,NaI,H24.10.110.3,H24.10.4,-,-,<25
198,茨城県,茨城県,茨城県,境町,-,非流通品,農産物,リーフレタス,-,茨城県農業総合センター,NaI,H24.10.110.3,H24.10.4,-,-,<25
199,茨城県,茨城県,茨城県,境町,-,非流通品,農産物,ロメインレタス,-,茨城県農業総合センター,NaI,H24.10.110.3,H24.10.4,-,-,<25
200,茨城県,茨城県,茨城県,常総市,-,非流通品,農産物,ネギ,-,茨城県農業総合センター,NaI,H24.10.110.3,H24.10.4,-,-,<25
201,茨城県,茨城県,茨城県,古河市,-,非流通品,農産物,ナス,-,茨城県農業総合センター,NaI,H24.10.110.3,H24.10.4,-,-,<25
202,茨城県,茨城県,茨城県,土浦市,-,非流通品,農産物,ラッカセイ,-,茨城県農業総合センター,NaI,H24.9.27,H24.10.4,-,-,<25
203,茨城県,茨城県,茨城県,かすみがうら市,-,非流通品,農産物,ラッカセイ,-,茨城県農業総合センター,NaI,H24.9.27,H24.10.4,-,-,<25
204,茨城県,茨城県,茨城県,東海村,-,非流通品,農産物,ホウレンソウ,-,茨城県農業総合センター,NaI,H24.10.3,H24.10.4,-,-,<25
205,栃木県,栃木県,栃木県,栃木市,-,非流通品,畜産物,牛肉,全頭検査,栃木県家畜保健衛生所,NaI,H24.9.21,H24.9.21,-,-,<25
206,栃木県,栃木県,栃木県,大田原市,-,非流通品,畜産物,牛肉,全頭検査,栃木県家畜保健衛生所,NaI,H24.9.21,H24.9.21,-,-,<25
207,栃木県,栃木県,栃木県,大田原市,-,非流通品,畜産物,牛肉,全頭検査,栃木県家畜保健衛生所,NaI,H24.9.21,H24.9.21,-,-,<25
208,栃木県,栃木県,栃木県,那須烏山市,-,非流通品,畜産物,牛肉,全頭検査,栃木県家畜保健衛生所,NaI,H24.9.21,H24.9.21,-,-,<25
209,栃木県,栃木県,栃木県,那須烏山市,-,非流通品,畜産物,牛肉,全頭検査,栃木県家畜保健衛生所,NaI,H24.9.21,H24.9.21,-,-,<25
210,栃木県,栃木県,栃木県,那須烏山市,-,非流通品,畜産物,牛肉,全頭検査,栃木県家畜保健衛生所,NaI,H24.9.21,H24.9.21,-,-,<25
211,栃木県,栃木県,栃木県,那須烏山市,-,非流通品,畜産物,牛肉,全頭検査,栃木県家畜保健衛生所,NaI,H24.9.21,H24.9.21,-,-,<25
212,栃木県,栃木県,栃木県,那須烏山市,-,非流通品,畜産物,牛肉,全頭検査,栃木県家畜保健衛生所,NaI,H24.9.21,H24.9.21,-,-,<25
213,栃木県,栃木県,栃木県,那須烏山市,-,非流通品,畜産物,牛肉,全頭検査,栃木県家畜保健衛生所,NaI,H24.9.21,H24.9.21,-,-,<25
214,栃木県,栃木県,栃木県,那須烏山市,-,非流通品,畜産物,牛肉,全頭検査,栃木県家畜保健衛生所,NaI,H24.9.21,H24.9.21,-,-,<25
215,栃木県,栃木県,栃木県,那須町,-,非流通品,畜産物,牛肉,全頭検査,栃木県家畜保健衛生所,NaI,H24.9.21,H24.9.21,-,-,<25
216,栃木県,栃木県,栃木県,那須塩原市,-,非流通品,畜産物,牛肉,全頭検査,栃木県家畜保健衛生所,NaI,H24.9.21,H24.9.21,-,-,<25
217,栃木県,栃木県,栃木県,那須町,-,非流通品,畜産物,牛肉,全頭検査,栃木県家畜保健衛生所,NaI,H24.9.21,H24.9.21,-,-,<25
218,栃木県,栃木県,栃木県,那須塩原市,-,非流通品,畜産物,牛肉,全頭検査,栃木県家畜保健衛生所,NaI,H24.9.21,H24.9.21,-,-,<25
219,栃木県,栃木県,栃木県,那須塩原市,-,非流通品,畜産物,牛肉,全頭検査,栃木県家畜保健衛生所,NaI,H24.9.21,H24.9.21,-,-,<25
220,栃木県,栃木県,栃木県,那須町,-,非流通品,畜産物,牛肉,全頭検査,栃木県家畜保健衛生所,NaI,H24.9.21,H24.9.21,-,-,<25
221,栃木県,栃木県,栃木県,那須塩原市,-,非流通品,畜産物,牛肉,全頭検査,栃木県家畜保健衛生所,NaI,H24.9.21,H24.9.21,-,-,<25
222,栃木県,栃木県,栃木県,那須塩原市,-,非流通品,畜産物,牛肉,全頭検査,栃木県家畜保健衛生所,NaI,H24.9.21,H24.9.21,-,-,<25
223,栃木県,栃木県,栃木県,栃木市,-,非流通品,畜産物,牛肉,全頭検査,栃木県家畜保健衛生所,NaI,H24.9.24,H24.9.24,-,-,<25
224,栃木県,栃木県,栃木県,栃木市,-,非流通品,畜産物,牛肉,全頭検査,栃木県家畜保健衛生所,NaI,H24.9.24,H24.9.24,-,-,<25
225,栃木県,栃木県,栃木県,栃木市,-,非流通品,畜産物,牛肉,全頭検査,栃木県家畜保健衛生所,NaI,H24.9.24,H24.9.24,-,-,<25
226,栃木県,栃木県,栃木県,栃木市,-,非流通品,畜産物,牛肉,全頭検査,栃木県家畜保健衛生所,NaI,H24.9.24,H24.9.24,-,-,<25
227,栃木県,栃木県,栃木県,栃木市,-,非流通品,畜産物,牛肉,全頭検査,栃木県家畜保健衛生所,NaI,H24.9.24,H24.9.24,-,-,<25
228,栃木県,栃木県,栃木県,栃木市,-,非流通品,畜産物,牛肉,全頭検査,栃木県家畜保健衛生所,NaI,H24.9.24,H24.9.24,-,-,<25
229,栃木県,栃木県,栃木県,栃木市,-,非流通品,畜産物,牛肉,全頭検査,栃木県家畜保健衛生所,NaI,H24.9.24,H24.9.24,-,-,<25
230,栃木県,栃木県,栃木県,栃木市,-,非流通品,畜産物,牛肉,全頭検査,栃木県家畜保健衛生所,NaI,H24.9.24,H24.9.24,-,-,<25
231,栃木県,栃木県,栃木県,栃木市,-,非流通品,畜産物,牛肉,全頭検査,栃木県家畜保健衛生所,NaI,H24.9.24,H24.9.24,-,-,<25
232,栃木県,栃木県,栃木県,栃木市,-,非流通品,畜産物,牛肉,全頭検査,栃木県家畜保健衛生所,NaI,H24.9.24,H24.9.24,-,-,<25
233,栃木県,栃木県,栃木県,栃木市,-,非流通品,畜産物,牛肉,全頭検査,栃木県家畜保健衛生所,NaI,H24.9.24,H24.9.24,-,-,<25
234,栃木県,栃木県,栃木県,栃木市,-,非流通品,畜産物,牛肉,全頭検査,栃木県家畜保健衛生所,NaI,H24.9.24,H24.9.24,-,-,<25
235,栃木県,栃木県,栃木県,那珂川町,-,非流通品,畜産物,牛肉,全頭検査,栃木県家畜保健衛生所,NaI,H24.9.24,H24.9.24,-,-,<25
236,栃木県,栃木県,栃木県,鹿沼市,-,非流通品,畜産物,牛肉,全頭検査,栃木県家畜保健衛生所,NaI,H24.9.24,H24.9.24,-,-,<25
237,栃木県,栃木県,栃木県,鹿沼市,-,非流通品,畜産物,牛肉,全頭検査,栃木県家畜保健衛生所,NaI,H24.9.24,H24.9.24,-,-,<25
238,栃木県,栃木県,栃木県,日光市,-,非流通品,畜産物,牛肉,全頭検査,栃木県家畜保健衛生所,NaI,H24.9.24,H24.9.24,-,-,<25
239,栃木県,栃木県,栃木県,日光市,-,非流通品,畜産物,牛肉,全頭検査,栃木県家畜保健衛生所,NaI,H24.9.24,H24.9.24,-,-,<25
240,栃木県,栃木県,栃木県,鹿沼市,-,非流通品,畜産物,牛肉,全頭検査,栃木県家畜保健衛生所,NaI,H24.9.24,H24.9.24,-,-,<25
241,栃木県,栃木県,栃木県,小山市,-,非流通品,畜産物,牛肉,全頭検査,栃木県家畜保健衛生所,NaI,H24.9.24,H24.9.24,-,-,<25
242,栃木県,栃木県,栃木県,小山市,-,非流通品,畜産物,牛肉,全頭検査,栃木県家畜保健衛生所,NaI,H24.9.24,H24.9.24,-,-,<25
243,栃木県,栃木県,栃木県,小山市,-,非流通品,畜産物,牛肉,全頭検査,栃木県家畜保健衛生所,NaI,H24.9.24,H24.9.24,-,-,<25
244,栃木県,栃木県,栃木県,小山市,-,非流通品,畜産物,牛肉,全頭検査,栃木県家畜保健衛生所,NaI,H24.9.24,H24.9.24,-,-,<25
245,栃木県,栃木県,栃木県,さくら市,-,非流通品,畜産物,牛肉,全頭検査,栃木県家畜保健衛生所,NaI,H24.9.24,H24.9.24,-,-,<25
246,栃木県,栃木県,栃木県,さくら市,-,非流通品,畜産物,牛肉,全頭検査,栃木県家畜保健衛生所,NaI,H24.9.24,H24.9.24,-,-,<25
247,栃木県,栃木県,栃木県,さくら市,-,非流通品,畜産物,牛肉,全頭検査,栃木県家畜保健衛生所,NaI,H24.9.24,H24.9.24,-,-,<25
248,栃木県,栃木県,栃木県,小山市,-,非流通品,畜産物,牛肉,全頭検査,栃木県家畜保健衛生所,NaI,H24.9.24,H24.9.24,-,-,<25
249,栃木県,栃木県,栃木県,上三川町,-,非流通品,畜産物,牛肉,全頭検査,栃木県家畜保健衛生所,NaI,H24.9.24,H24.9.24,-,-,<25
250,栃木県,栃木県,栃木県,那須塩原市,-,非流通品,畜産物,牛肉,全頭検査,栃木県家畜保健衛生所,NaI,H24.9.24,H24.9.24,-,-,<25
251,栃木県,栃木県,栃木県,佐野市,-,非流通品,畜産物,牛肉,全頭検査,栃木県家畜保健衛生所,NaI,H24.9.24,H24.9.24,-,-,<25
252,栃木県,栃木県,栃木県,那須塩原市,-,非流通品,畜産物,牛肉,全頭検査,栃木県家畜保健衛生所,NaI,H24.9.24,H24.9.24,-,-,<25
253,栃木県,栃木県,栃木県,那須町,-,非流通品,畜産物,牛肉,全頭検査,栃木県家畜保健衛生所,NaI,H24.9.24,H24.9.24,-,-,<25
254,栃木県,栃木県,栃木県,那須町,-,非流通品,畜産物,牛肉,全頭検査,栃木県家畜保健衛生所,NaI,H24.9.24,H24.9.24,-,-,<25
255,栃木県,栃木県,栃木県,那須町,-,非流通品,畜産物,牛肉,全頭検査,栃木県家畜保健衛生所,NaI,H24.9.24,H24.9.24,-,-,<25
256,栃木県,栃木県,栃木県,大田原市,-,非流通品,畜産物,牛肉,全頭検査,栃木県家畜保健衛生所,NaI,H24.9.24,H24.9.24,-,-,<25
257,栃木県,栃木県,栃木県,那須塩原市,-,非流通品,畜産物,牛肉,全頭検査,栃木県家畜保健衛生所,NaI,H24.9.24,H24.9.24,-,-,<25
258,栃木県,栃木県,栃木県,那須塩原市,-,非流通品,畜産物,牛肉,全頭検査,栃木県家畜保健衛生所,NaI,H24.9.24,H24.9.24,-,-,<25
259,栃木県,栃木県,栃木県,那須町,-,非流通品,畜産物,牛肉,全頭検査,栃木県家畜保健衛生所,NaI,H24.9.24,H24.9.24,-,-,<25
260,栃木県,栃木県,栃木県,那須町,-,非流通品,畜産物,牛肉,全頭検査,栃木県家畜保健衛生所,NaI,H24.9.24,H24.9.24,-,-,<25
261,栃木県,栃木県,栃木県,那須町,-,非流通品,畜産物,牛肉,全頭検査,栃木県家畜保健衛生所,NaI,H24.9.24,H24.9.24,-,-,<25
262,栃木県,栃木県,栃木県,大田原市,-,非流通品,畜産物,牛肉,全頭検査,栃木県家畜保健衛生所,NaI,H24.9.24,H24.9.24,-,-,<25
263,栃木県,栃木県,栃木県,大田原市,-,非流通品,畜産物,牛肉,全頭検査,栃木県家畜保健衛生所,NaI,H24.9.24,H24.9.24,-,-,<25
264,栃木県,栃木県,栃木県,鹿沼市,-,非流通品,畜産物,牛肉,全頭検査,栃木県家畜保健衛生所,NaI,H24.9.25,H24.9.25,-,-,<25
265,栃木県,栃木県,栃木県,鹿沼市,-,非流通品,畜産物,牛肉,全頭検査,栃木県家畜保健衛生所,NaI,H24.9.25,H24.9.25,-,-,<25
266,栃木県,栃木県,栃木県,矢板市,-,非流通品,畜産物,牛肉,全頭検査,栃木県家畜保健衛生所,NaI,H24.9.25,H24.9.25,-,-,<25
267,栃木県,栃木県,栃木県,さくら市,-,非流通品,畜産物,牛肉,全頭検査,栃木県家畜保健衛生所,NaI,H24.9.25,H24.9.25,-,-,<25
268,栃木県,栃木県,栃木県,さくら市,-,非流通品,畜産物,牛肉,全頭検査,栃木県家畜保健衛生所,NaI,H24.9.25,H24.9.25,-,-,<25
269,栃木県,栃木県,栃木県,高根沢町,-,非流通品,畜産物,牛肉,全頭検査,栃木県家畜保健衛生所,NaI,H24.9.25,H24.9.25,-,-,<25
270,栃木県,栃木県,栃木県,高根沢町,-,非流通品,畜産物,牛肉,全頭検査,栃木県家畜保健衛生所,NaI,H24.9.25,H24.9.25,-,-,<25
271,栃木県,栃木県,栃木県,那珂川町,-,非流通品,畜産物,牛肉,全頭検査,栃木県家畜保健衛生所,NaI,H24.9.25,H24.9.25,-,-,<25
272,栃木県,栃木県,栃木県,那珂川町,-,非流通品,畜産物,牛肉,全頭検査,栃木県家畜保健衛生所,NaI,H24.9.25,H24.9.25,-,-,<25
273,栃木県,栃木県,栃木県,那珂川町,-,非流通品,畜産物,牛肉,全頭検査,栃木県家畜保健衛生所,NaI,H24.9.25,H24.9.25,-,-,<25
274,栃木県,栃木県,栃木県,宇都宮市,-,非流通品,畜産物,牛肉,全頭検査,栃木県家畜保健衛生所,NaI,H24.9.25,H24.9.25,-,-,<25
275,栃木県,栃木県,栃木県,矢板市,-,非流通品,畜産物,牛肉,全頭検査,栃木県家畜保健衛生所,NaI,H24.9.25,H24.9.25,-,-,<25
276,栃木県,栃木県,栃木県,栃木市,-,非流通品,畜産物,牛肉,全頭検査,栃木県家畜保健衛生所,NaI,H24.9.25,H24.9.25,-,-,<25
277,栃木県,栃木県,栃木県,栃木市,-,非流通品,畜産物,牛肉,全頭検査,栃木県家畜保健衛生所,NaI,H24.9.25,H24.9.25,-,-,<25
278,栃木県,栃木県,栃木県,栃木市,-,非流通品,畜産物,牛肉,全頭検査,栃木県家畜保健衛生所,NaI,H24.9.25,H24.9.25,-,-,<25
279,栃木県,栃木県,栃木県,栃木市,-,非流通品,畜産物,牛肉,全頭検査,栃木県家畜保健衛生所,NaI,H24.9.25,H24.9.25,-,-,<25
280,栃木県,栃木県,栃木県,大田原市,-,非流通品,畜産物,牛肉,全頭検査,栃木県家畜保健衛生所,NaI,H24.9.25,H24.9.25,-,-,<25
281,栃木県,栃木県,栃木県,大田原市,-,非流通品,畜産物,牛肉,全頭検査,栃木県家畜保健衛生所,NaI,H24.9.25,H24.9.25,-,-,<25
282,栃木県,栃木県,栃木県,大田原市,-,非流通品,畜産物,牛肉,全頭検査,栃木県家畜保健衛生所,NaI,H24.9.25,H24.9.25,-,-,<25
283,栃木県,栃木県,栃木県,大田原市,-,非流通品,畜産物,牛肉,全頭検査,栃木県家畜保健衛生所,NaI,H24.9.25,H24.9.25,-,-,<25
284,栃木県,栃木県,栃木県,大田原市,-,非流通品,畜産物,牛肉,全頭検査,栃木県家畜保健衛生所,NaI,H24.9.25,H24.9.25,-,-,<25
285,栃木県,栃木県,栃木県,大田原市,-,非流通品,畜産物,牛肉,全頭検査,栃木県家畜保健衛生所,NaI,H24.9.25,H24.9.25,-,-,<25
286,栃木県,栃木県,栃木県,大田原市,-,非流通品,畜産物,牛肉,全頭検査,栃木県家畜保健衛生所,NaI,H24.9.25,H24.9.25,-,-,<25
287,栃木県,栃木県,栃木県,大田原市,-,非流通品,畜産物,牛肉,全頭検査,栃木県家畜保健衛生所,NaI,H24.9.25,H24.9.25,-,-,<25
288,栃木県,栃木県,栃木県,大田原市,-,非流通品,畜産物,牛肉,全頭検査,栃木県家畜保健衛生所,NaI,H24.9.25,H24.9.25,-,-,<25
289,栃木県,栃木県,栃木県,大田原市,-,非流通品,畜産物,牛肉,全頭検査,栃木県家畜保健衛生所,NaI,H24.9.25,H24.9.25,-,-,<25
290,栃木県,栃木県,栃木県,大田原市,-,非流通品,畜産物,牛肉,全頭検査,栃木県家畜保健衛生所,NaI,H24.9.25,H24.9.25,-,-,<25
291,栃木県,栃木県,栃木県,大田原市,-,非流通品,畜産物,牛肉,全頭検査,栃木県家畜保健衛生所,NaI,H24.9.25,H24.9.25,-,-,<25
292,栃木県,栃木県,栃木県,佐野市,-,非流通品,畜産物,牛肉,全頭検査,栃木県家畜保健衛生所,NaI,H24.9.25,H24.9.25,-,-,<25
293,栃木県,栃木県,栃木県,大田原市,-,非流通品,畜産物,牛肉,全頭検査,栃木県家畜保健衛生所,NaI,H24.9.25,H24.9.25,-,-,<25
294,栃木県,栃木県,栃木県,那須町,-,非流通品,畜産物,牛肉,全頭検査,栃木県家畜保健衛生所,NaI,H24.9.25,H24.9.25,-,-,<25
295,栃木県,栃木県,栃木県,那須烏山市,-,非流通品,畜産物,牛肉,全頭検査,栃木県家畜保健衛生所,NaI,H24.9.25,H24.9.25,-,-,<25
296,栃木県,栃木県,栃木県,那須烏山市,-,非流通品,畜産物,牛肉,全頭検査,栃木県家畜保健衛生所,NaI,H24.9.25,H24.9.25,-,-,<25
297,栃木県,栃木県,栃木県,那須烏山市,-,非流通品,畜産物,牛肉,全頭検査,栃木県家畜保健衛生所,NaI,H24.9.25,H24.9.25,-,-,<25
298,栃木県,栃木県,栃木県,那須烏山市,-,非流通品,畜産物,牛肉,全頭検査,栃木県家畜保健衛生所,NaI,H24.9.25,H24.9.25,-,-,<25
299,栃木県,栃木県,栃木県,那須烏山市,-,非流通品,畜産物,牛肉,全頭検査,栃木県家畜保健衛生所,NaI,H24.9.25,H24.9.25,-,-,<25
300,栃木県,栃木県,栃木県,那須烏山市,-,非流通品,畜産物,牛肉,全頭検査,栃木県家畜保健衛生所,NaI,H24.9.25,H24.9.25,-,-,<25
301,栃木県,栃木県,栃木県,那須烏山市,-,非流通品,畜産物,牛肉,全頭検査,栃木県家畜保健衛生所,NaI,H24.9.25,H24.9.25,-,-,<25
302,栃木県,栃木県,栃木県,那須町,-,非流通品,畜産物,牛肉,全頭検査,栃木県家畜保健衛生所,NaI,H24.9.25,H24.9.25,-,-,<25
303,栃木県,栃木県,栃木県,那須町,-,非流通品,畜産物,牛肉,全頭検査,栃木県家畜保健衛生所,NaI,H24.9.25,H24.9.25,-,-,<25
304,栃木県,栃木県,栃木県,那須塩原市,-,非流通品,畜産物,牛肉,全頭検査,栃木県家畜保健衛生所,NaI,H24.9.25,H24.9.25,-,-,<25
305,栃木県,栃木県,栃木県,那須町,-,非流通品,畜産物,牛肉,全頭検査,栃木県家畜保健衛生所,NaI,H24.9.25,H24.9.25,-,-,<25
306,栃木県,栃木県,栃木県,那須塩原市,-,非流通品,畜産物,牛肉,全頭検査,栃木県家畜保健衛生所,NaI,H24.9.25,H24.9.25,-,-,<25
307,栃木県,栃木県,栃木県,上三川町,-,非流通品,畜産物,牛肉,全頭検査,栃木県家畜保健衛生所,NaI,H24.9.25,H24.9.25,-,-,<25
308,栃木県,栃木県,栃木県,那須塩原市,-,非流通品,畜産物,牛肉,全頭検査,栃木県家畜保健衛生所,NaI,H24.9.25,H24.9.25,-,-,<25
309,栃木県,栃木県,栃木県,那須塩原市,-,非流通品,畜産物,牛肉,全頭検査,栃木県家畜保健衛生所,NaI,H24.9.25,H24.9.25,-,-,<25
310,栃木県,栃木県,栃木県,那須塩原市,-,非流通品,畜産物,牛肉,全頭検査,栃木県家畜保健衛生所,NaI,H24.9.25,H24.9.25,-,-,<25
311,栃木県,栃木県,栃木県,那須塩原市,-,非流通品,畜産物,牛肉,全頭検査,栃木県家畜保健衛生所,NaI,H24.9.25,H24.9.25,-,-,<25
312,栃木県,栃木県,栃木県,大田原市,-,非流通品,畜産物,牛肉,全頭検査,栃木県家畜保健衛生所,NaI,H24.9.25,H24.9.25,-,-,<25
313,栃木県,栃木県,栃木県,大田原市,-,非流通品,畜産物,牛肉,全頭検査,栃木県家畜保健衛生所,NaI,H24.9.25,H24.9.25,-,-,<25
314,栃木県,栃木県,栃木県,大田原市,-,非流通品,畜産物,牛肉,全頭検査,栃木県家畜保健衛生所,NaI,H24.9.25,H24.9.25,-,-,<25
315,栃木県,栃木県,栃木県,那須塩原市,-,非流通品,畜産物,牛肉,全頭検査,栃木県家畜保健衛生所,NaI,H24.9.26,H24.9.26,-,-,<25
316,栃木県,栃木県,栃木県,那須塩原市,-,非流通品,畜産物,牛肉,全頭検査,栃木県家畜保健衛生所,NaI,H24.9.26,H24.9.26,-,-,<25
317,栃木県,栃木県,栃木県,那須塩原市,-,非流通品,畜産物,牛肉,全頭検査,栃木県家畜保健衛生所,NaI,H24.9.26,H24.9.26,-,-,<25
318,栃木県,栃木県,栃木県,大田原市,-,非流通品,畜産物,牛肉,全頭検査,栃木県家畜保健衛生所,NaI,H24.9.26,H24.9.26,-,-,<25
319,栃木県,栃木県,栃木県,大田原市,-,非流通品,畜産物,牛肉,全頭検査,栃木県家畜保健衛生所,NaI,H24.9.26,H24.9.26,-,-,<25
320,栃木県,栃木県,栃木県,大田原市,-,非流通品,畜産物,牛肉,全頭検査,栃木県家畜保健衛生所,NaI,H24.9.26,H24.9.26,-,-,<25
321,栃木県,栃木県,栃木県,大田原市,-,非流通品,畜産物,牛肉,全頭検査,栃木県家畜保健衛生所,NaI,H24.9.26,H24.9.26,-,-,<25
322,栃木県,栃木県,栃木県,大田原市,-,非流通品,畜産物,牛肉,全頭検査,栃木県家畜保健衛生所,NaI,H24.9.26,H24.9.26,-,-,<25
323,栃木県,栃木県,栃木県,大田原市,-,非流通品,畜産物,牛肉,全頭検査,栃木県家畜保健衛生所,NaI,H24.9.26,H24.9.26,-,-,<25
324,栃木県,栃木県,栃木県,宇都宮市,-,非流通品,畜産物,牛肉,全頭検査,栃木県家畜保健衛生所,NaI,H24.9.26,H24.9.26,-,-,<25
325,栃木県,栃木県,栃木県,宇都宮市,-,非流通品,畜産物,牛肉,全頭検査,栃木県家畜保健衛生所,NaI,H24.9.26,H24.9.26,-,-,<25
326,栃木県,栃木県,栃木県,上三川町,-,非流通品,畜産物,牛肉,全頭検査,栃木県家畜保健衛生所,NaI,H24.9.26,H24.9.26,-,-,<25
327,栃木県,栃木県,栃木県,下野市,-,非流通品,畜産物,牛肉,全頭検査,栃木県家畜保健衛生所,NaI,H24.9.26,H24.9.26,-,-,<25
328,栃木県,栃木県,栃木県,那須塩原市,-,非流通品,畜産物,牛肉,全頭検査,栃木県家畜保健衛生所,NaI,H24.9.26,H24.9.26,-,-,<25
329,栃木県,栃木県,栃木県,那須烏山市,-,非流通品,畜産物,牛肉,全頭検査,栃木県家畜保健衛生所,NaI,H24.9.26,H24.9.26,-,-,<25
330,栃木県,栃木県,栃木県,那須烏山市,-,非流通品,畜産物,牛肉,全頭検査,栃木県家畜保健衛生所,NaI,H24.9.26,H24.9.26,-,-,<25
331,栃木県,栃木県,栃木県,那須烏山市,-,非流通品,畜産物,牛肉,全頭検査,栃木県家畜保健衛生所,NaI,H24.9.26,H24.9.26,-,-,<25
332,栃木県,栃木県,栃木県,那須烏山市,-,非流通品,畜産物,牛肉,全頭検査,栃木県家畜保健衛生所,NaI,H24.9.26,H24.9.26,-,-,<25
333,栃木県,栃木県,栃木県,那須烏山市,-,非流通品,畜産物,牛肉,全頭検査,栃木県家畜保健衛生所,NaI,H24.9.26,H24.9.26,-,-,<25
334,栃木県,栃木県,栃木県,小山市,-,非流通品,畜産物,牛肉,全頭検査,栃木県家畜保健衛生所,NaI,H24.9.26,H24.9.26,-,-,<25
335,栃木県,栃木県,栃木県,大田原市,-,非流通品,畜産物,牛肉,全頭検査,栃木県家畜保健衛生所,NaI,H24.9.26,H24.9.26,-,-,<25
336,栃木県,栃木県,栃木県,大田原市,-,非流通品,畜産物,牛肉,全頭検査,栃木県家畜保健衛生所,NaI,H24.9.26,H24.9.26,-,-,<25
337,栃木県,栃木県,栃木県,大田原市,-,非流通品,畜産物,牛肉,全頭検査,栃木県家畜保健衛生所,NaI,H24.9.26,H24.9.26,-,-,<25
338,栃木県,栃木県,栃木県,佐野市,-,非流通品,畜産物,牛肉,全頭検査,栃木県家畜保健衛生所,NaI,H24.9.26,H24.9.26,-,-,<25
339,栃木県,栃木県,栃木県,佐野市,-,非流通品,畜産物,牛肉,全頭検査,栃木県家畜保健衛生所,NaI,H24.9.26,H24.9.26,-,-,<25
340,栃木県,栃木県,栃木県,佐野市,-,非流通品,畜産物,牛肉,全頭検査,栃木県家畜保健衛生所,NaI,H24.9.26,H24.9.26,-,-,<25
341,栃木県,栃木県,栃木県,佐野市,-,非流通品,畜産物,牛肉,全頭検査,栃木県家畜保健衛生所,NaI,H24.9.26,H24.9.26,-,-,<25
342,栃木県,栃木県,栃木県,栃木市,-,非流通品,畜産物,牛肉,全頭検査,栃木県家畜保健衛生所,NaI,H24.9.26,H24.9.26,-,-,<25
343,栃木県,栃木県,栃木県,さくら市,-,非流通品,畜産物,牛肉,全頭検査,栃木県家畜保健衛生所,NaI,H24.9.26,H24.9.26,-,-,<25
344,栃木県,栃木県,栃木県,さくら市,-,非流通品,畜産物,牛肉,全頭検査,栃木県家畜保健衛生所,NaI,H24.9.26,H24.9.26,-,-,<25
345,栃木県,栃木県,栃木県,上三川町,-,非流通品,畜産物,牛肉,全頭検査,栃木県家畜保健衛生所,NaI,H24.9.26,H24.9.26,-,-,<25
346,栃木県,栃木県,栃木県,大田原市,-,非流通品,畜産物,牛肉,全頭検査,栃木県家畜保健衛生所,NaI,H24.9.26,H24.9.26,-,-,<25
347,栃木県,栃木県,栃木県,大田原市,-,非流通品,畜産物,牛肉,全頭検査,栃木県家畜保健衛生所,NaI,H24.9.26,H24.9.26,-,-,<25
348,栃木県,栃木県,栃木県,大田原市,-,非流通品,畜産物,牛肉,全頭検査,栃木県家畜保健衛生所,NaI,H24.9.26,H24.9.26,-,-,<25
349,栃木県,栃木県,栃木県,大田原市,-,非流通品,畜産物,牛肉,全頭検査,栃木県家畜保健衛生所,NaI,H24.9.26,H24.9.26,-,-,<25
350,栃木県,栃木県,栃木県,大田原市,-,非流通品,畜産物,牛肉,全頭検査,栃木県家畜保健衛生所,NaI,H24.9.26,H24.9.26,-,-,<25
351,栃木県,栃木県,栃木県,大田原市,-,非流通品,畜産物,牛肉,全頭検査,栃木県家畜保健衛生所,NaI,H24.9.26,H24.9.26,-,-,<25
352,栃木県,栃木県,栃木県,大田原市,-,非流通品,畜産物,牛肉,全頭検査,栃木県家畜保健衛生所,NaI,H24.9.26,H24.9.26,-,-,<25
353,栃木県,栃木県,栃木県,大田原市,-,非流通品,畜産物,牛肉,全頭検査,栃木県家畜保健衛生所,NaI,H24.9.26,H24.9.26,-,-,<25
354,栃木県,栃木県,栃木県,栃木市,-,非流通品,畜産物,牛肉,全頭検査,栃木県家畜保健衛生所,NaI,H24.9.26,H24.9.26,-,-,<25
355,栃木県,栃木県,栃木県,日光市,-,非流通品,畜産物,牛肉,全頭検査,栃木県家畜保健衛生所,NaI,H24.9.26,H24.9.26,-,-,<25
356,栃木県,栃木県,栃木県,塩谷町,-,非流通品,畜産物,牛肉,全頭検査,栃木県家畜保健衛生所,NaI,H24.9.26,H24.9.26,-,-,<25
357,栃木県,栃木県,栃木県,那須塩原市,-,非流通品,畜産物,牛肉,全頭検査,栃木県家畜保健衛生所,NaI,H24.9.26,H24.9.26,-,-,<25
358,栃木県,栃木県,栃木県,那須塩原市,-,非流通品,畜産物,牛肉,全頭検査,栃木県家畜保健衛生所,NaI,H24.9.26,H24.9.26,-,-,<25
359,栃木県,栃木県,栃木県,那須塩原市,-,非流通品,畜産物,牛肉,全頭検査,栃木県家畜保健衛生所,NaI,H24.9.26,H24.9.26,-,-,<25
360,栃木県,栃木県,栃木県,那須烏山市,-,非流通品,畜産物,牛肉,全頭検査,栃木県家畜保健衛生所,NaI,H24.9.26,H24.9.26,-,-,<25
361,栃木県,栃木県,栃木県,那須烏山市,-,非流通品,畜産物,牛肉,全頭検査,栃木県家畜保健衛生所,NaI,H24.9.26,H24.9.26,-,-,<25
362,栃木県,栃木県,栃木県,那須烏山市,-,非流通品,畜産物,牛肉,全頭検査,栃木県家畜保健衛生所,NaI,H24.9.26,H24.9.26,-,-,<25
363,栃木県,栃木県,栃木県,那須烏山市,-,非流通品,畜産物,牛肉,全頭検査,栃木県家畜保健衛生所,NaI,H24.9.26,H24.9.26,-,-,<25
364,栃木県,栃木県,栃木県,那須烏山市,-,非流通品,畜産物,牛肉,全頭検査,栃木県家畜保健衛生所,NaI,H24.9.26,H24.9.26,-,-,<25
365,栃木県,栃木県,栃木県,那須烏山市,-,非流通品,畜産物,牛肉,全頭検査,栃木県家畜保健衛生所,NaI,H24.9.26,H24.9.26,-,-,<25
366,栃木県,栃木県,栃木県,那須烏山市,-,非流通品,畜産物,牛肉,全頭検査,栃木県家畜保健衛生所,NaI,H24.9.26,H24.9.26,-,-,<25
367,栃木県,栃木県,栃木県,那須塩原市,-,非流通品,畜産物,牛肉,全頭検査,栃木県家畜保健衛生所,NaI,H24.9.26,H24.9.26,-,-,<25
368,栃木県,栃木県,栃木県,那須塩原市,-,非流通品,畜産物,牛肉,全頭検査,栃木県家畜保健衛生所,NaI,H24.9.26,H24.9.26,-,-,<25
369,栃木県,栃木県,栃木県,那須塩原市,-,非流通品,畜産物,牛肉,全頭検査,栃木県家畜保健衛生所,NaI,H24.9.26,H24.9.26,-,-,<25
370,栃木県,栃木県,栃木県,大田原市,-,非流通品,畜産物,牛肉,全頭検査,栃木県家畜保健衛生所,NaI,H24.9.26,H24.9.26,-,-,<25
371,栃木県,栃木県,栃木県,矢板市,-,非流通品,畜産物,牛肉,全頭検査,栃木県家畜保健衛生所,NaI,H24.9.26,H24.9.26,-,-,<25
372,栃木県,栃木県,栃木県,大田原市,-,非流通品,畜産物,牛肉,全頭検査,栃木県家畜保健衛生所,NaI,H24.9.26,H24.9.26,-,-,<25
373,栃木県,栃木県,栃木県,那須塩原市,-,非流通品,畜産物,牛肉,全頭検査,栃木県家畜保健衛生所,NaI,H24.9.26,H24.9.26,-,-,<25
374,栃木県,栃木県,栃木県,那須塩原市,-,非流通品,畜産物,牛肉,全頭検査,栃木県家畜保健衛生所,NaI,H24.9.26,H24.9.26,-,-,<25
375,栃木県,栃木県,栃木県,那須塩原市,-,非流通品,畜産物,牛肉,全頭検査,栃木県家畜保健衛生所,NaI,H24.9.26,H24.9.26,-,-,<25
376,栃木県,栃木県,栃木県,那須塩原市,-,非流通品,畜産物,牛肉,全頭検査,栃木県家畜保健衛生所,NaI,H24.9.26,H24.9.26,-,-,<25
377,栃木県,栃木県,栃木県,矢板市,-,非流通品,畜産物,牛肉,全頭検査,栃木県家畜保健衛生所,NaI,H24.9.26,H24.9.26,-,-,<25
378,栃木県,栃木県,栃木県,大田原市,-,非流通品,畜産物,牛肉,全頭検査,栃木県家畜保健衛生所,NaI,H24.9.27,H24.9.27,-,-,<25
379,栃木県,栃木県,栃木県,大田原市,-,非流通品,畜産物,牛肉,全頭検査,栃木県家畜保健衛生所,NaI,H24.9.27,H24.9.27,-,-,<25
380,栃木県,栃木県,栃木県,大田原市,-,非流通品,畜産物,牛肉,全頭検査,栃木県家畜保健衛生所,NaI,H24.9.27,H24.9.27,-,-,<25
381,栃木県,栃木県,栃木県,大田原市,-,非流通品,畜産物,牛肉,全頭検査,栃木県家畜保健衛生所,NaI,H24.9.27,H24.9.27,-,-,<25
382,栃木県,栃木県,栃木県,大田原市,-,非流通品,畜産物,牛肉,全頭検査,栃木県家畜保健衛生所,NaI,H24.9.27,H24.9.27,-,-,<25
383,栃木県,栃木県,栃木県,大田原市,-,非流通品,畜産物,牛肉,全頭検査,栃木県家畜保健衛生所,NaI,H24.9.27,H24.9.27,-,-,<25
384,栃木県,栃木県,栃木県,大田原市,-,非流通品,畜産物,牛肉,全頭検査,栃木県家畜保健衛生所,NaI,H24.9.27,H24.9.27,-,-,<25
385,栃木県,栃木県,栃木県,大田原市,-,非流通品,畜産物,牛肉,全頭検査,栃木県家畜保健衛生所,NaI,H24.9.27,H24.9.27,-,-,<25
386,栃木県,栃木県,栃木県,大田原市,-,非流通品,畜産物,牛肉,全頭検査,栃木県家畜保健衛生所,NaI,H24.9.27,H24.9.27,-,-,<25
387,栃木県,栃木県,栃木県,真岡市,-,非流通品,畜産物,牛肉,全頭検査,栃木県家畜保健衛生所,NaI,H24.9.27,H24.9.27,-,-,<25
388,栃木県,栃木県,栃木県,那珂川町,-,非流通品,畜産物,牛肉,全頭検査,栃木県家畜保健衛生所,NaI,H24.9.27,H24.9.27,-,-,<25
389,栃木県,栃木県,栃木県,真岡市,-,非流通品,畜産物,牛肉,全頭検査,栃木県家畜保健衛生所,NaI,H24.9.27,H24.9.27,-,-,<25
390,栃木県,栃木県,栃木県,日光市,-,非流通品,畜産物,牛肉,全頭検査,栃木県家畜保健衛生所,NaI,H24.9.27,H24.9.27,-,-,<25
391,栃木県,栃木県,栃木県,栃木市,-,非流通品,畜産物,牛肉,全頭検査,栃木県家畜保健衛生所,NaI,H24.9.27,H24.9.27,-,-,<25
392,栃木県,栃木県,栃木県,栃木市,-,非流通品,畜産物,牛肉,全頭検査,栃木県家畜保健衛生所,NaI,H24.9.27,H24.9.27,-,-,<25
393,栃木県,栃木県,栃木県,那須塩原市,-,非流通品,畜産物,牛肉,全頭検査,栃木県家畜保健衛生所,NaI,H24.9.27,H24.9.27,-,-,<25
394,栃木県,栃木県,栃木県,大田原市,-,非流通品,畜産物,牛肉,全頭検査,栃木県家畜保健衛生所,NaI,H24.9.27,H24.9.27,-,-,<25
395,栃木県,栃木県,栃木県,さくら市,-,非流通品,畜産物,牛肉,全頭検査,栃木県家畜保健衛生所,NaI,H24.9.27,H24.9.27,-,-,<25
396,栃木県,栃木県,栃木県,さくら市,-,非流通品,畜産物,牛肉,全頭検査,栃木県家畜保健衛生所,NaI,H24.9.27,H24.9.27,-,-,<25
397,栃木県,栃木県,栃木県,那須町,-,非流通品,畜産物,牛肉,全頭検査,栃木県家畜保健衛生所,NaI,H24.9.27,H24.9.27,-,-,<25
398,栃木県,栃木県,栃木県,那須町,-,非流通品,畜産物,牛肉,全頭検査,栃木県家畜保健衛生所,NaI,H24.9.27,H24.9.27,-,-,<25
399,栃木県,栃木県,栃木県,那須塩原市,-,非流通品,畜産物,牛肉,全頭検査,栃木県家畜保健衛生所,NaI,H24.9.27,H24.9.27,-,-,<25
400,栃木県,栃木県,栃木県,那須塩原市,-,非流通品,畜産物,牛肉,全頭検査,栃木県家畜保健衛生所,NaI,H24.9.27,H24.9.27,-,-,<25
401,栃木県,栃木県,栃木県,那須塩原市,-,非流通品,畜産物,牛肉,全頭検査,栃木県家畜保健衛生所,NaI,H24.9.27,H24.9.27,-,-,<25
402,栃木県,栃木県,栃木県,那須塩原市,-,非流通品,畜産物,牛肉,全頭検査,栃木県家畜保健衛生所,NaI,H24.9.27,H24.9.27,-,-,<25
403,栃木県,栃木県,栃木県,佐野市,-,非流通品,畜産物,牛肉,全頭検査,栃木県家畜保健衛生所,NaI,H24.9.27,H24.9.27,-,-,<25
404,栃木県,栃木県,栃木県,塩谷町,-,非流通品,畜産物,牛肉,全頭検査,栃木県家畜保健衛生所,NaI,H24.9.27,H24.9.27,-,-,<25
405,栃木県,栃木県,栃木県,那須塩原市,-,非流通品,畜産物,牛肉,全頭検査,栃木県家畜保健衛生所,NaI,H24.9.27,H24.9.27,-,-,<25
406,栃木県,栃木県,栃木県,那須塩原市,-,非流通品,畜産物,牛肉,全頭検査,栃木県家畜保健衛生所,NaI,H24.9.27,H24.9.27,-,-,<25
407,栃木県,栃木県,栃木県,那須塩原市,-,非流通品,畜産物,牛肉,全頭検査,栃木県家畜保健衛生所,NaI,H24.9.27,H24.9.27,-,-,<25
408,栃木県,栃木県,栃木県,那須塩原市,-,非流通品,畜産物,牛肉,全頭検査,栃木県家畜保健衛生所,NaI,H24.9.27,H24.9.27,-,-,<25
409,栃木県,栃木県,栃木県,那須塩原市,-,非流通品,畜産物,牛肉,全頭検査,栃木県家畜保健衛生所,NaI,H24.9.27,H24.9.27,-,-,<25
410,栃木県,栃木県,栃木県,那須町,-,非流通品,畜産物,牛肉,全頭検査,栃木県家畜保健衛生所,NaI,H24.9.27,H24.9.27,-,-,<25
411,栃木県,栃木県,栃木県,那須塩原市,-,非流通品,畜産物,牛肉,全頭検査,栃木県家畜保健衛生所,NaI,H24.9.27,H24.9.27,-,-,<25
412,栃木県,栃木県,栃木県,栃木市,-,非流通品,畜産物,牛肉,全頭検査,栃木県家畜保健衛生所,NaI,H24.9.28,H24.9.28,-,-,<25
413,栃木県,栃木県,栃木県,栃木市,-,非流通品,畜産物,牛肉,全頭検査,栃木県家畜保健衛生所,NaI,H24.9.28,H24.9.28,-,-,<25
414,栃木県,栃木県,栃木県,栃木市,-,非流通品,畜産物,牛肉,全頭検査,栃木県家畜保健衛生所,NaI,H24.9.28,H24.9.28,-,-,<25
415,栃木県,栃木県,栃木県,栃木市,-,非流通品,畜産物,牛肉,全頭検査,栃木県家畜保健衛生所,NaI,H24.9.28,H24.9.28,-,-,<25
416,栃木県,栃木県,栃木県,真岡市,-,非流通品,畜産物,牛肉,全頭検査,栃木県家畜保健衛生所,NaI,H24.9.28,H24.9.28,-,-,<25
417,栃木県,栃木県,栃木県,市貝町,-,非流通品,畜産物,牛肉,全頭検査,栃木県家畜保健衛生所,NaI,H24.9.28,H24.9.28,-,-,<25
418,栃木県,栃木県,栃木県,下野市,-,非流通品,畜産物,牛肉,全頭検査,栃木県家畜保健衛生所,NaI,H24.9.28,H24.9.28,-,-,<25
419,栃木県,栃木県,栃木県,佐野市,-,非流通品,畜産物,牛肉,全頭検査,栃木県家畜保健衛生所,NaI,H24.9.28,H24.9.28,-,-,<25
420,栃木県,栃木県,栃木県,栃木市,-,非流通品,畜産物,牛肉,全頭検査,栃木県家畜保健衛生所,NaI,H24.9.28,H24.9.28,-,-,<25
421,栃木県,栃木県,栃木県,那須塩原市,-,非流通品,畜産物,牛肉,全頭検査,栃木県家畜保健衛生所,NaI,H24.9.28,H24.9.28,-,-,<25
422,栃木県,栃木県,栃木県,那須塩原市,-,非流通品,畜産物,牛肉,全頭検査,栃木県家畜保健衛生所,NaI,H24.9.28,H24.9.28,-,-,<25
423,栃木県,栃木県,栃木県,那須町,-,非流通品,畜産物,牛肉,全頭検査,栃木県家畜保健衛生所,NaI,H24.9.28,H24.9.28,-,-,<25
424,栃木県,栃木県,栃木県,さくら市,-,非流通品,畜産物,牛肉,全頭検査,栃木県家畜保健衛生所,NaI,H24.9.28,H24.9.28,-,-,<25
425,栃木県,栃木県,栃木県,さくら市,-,非流通品,畜産物,牛肉,全頭検査,栃木県家畜保健衛生所,NaI,H24.9.28,H24.9.28,-,-,<25
426,栃木県,栃木県,栃木県,那須町,-,非流通品,畜産物,牛肉,全頭検査,栃木県家畜保健衛生所,NaI,H24.9.28,H24.9.28,-,-,<25
427,栃木県,栃木県,栃木県,那須町,-,非流通品,畜産物,牛肉,全頭検査,栃木県家畜保健衛生所,NaI,H24.9.28,H24.9.28,-,-,<25
428,栃木県,栃木県,栃木県,那須町,-,非流通品,畜産物,牛肉,全頭検査,栃木県家畜保健衛生所,NaI,H24.9.28,H24.9.28,-,-,<25
429,栃木県,栃木県,栃木県,那須塩原市,-,非流通品,畜産物,牛肉,全頭検査,栃木県家畜保健衛生所,NaI,H24.9.28,H24.9.28,-,-,<25
430,栃木県,栃木県,栃木県,大田原市,-,非流通品,畜産物,牛肉,全頭検査,栃木県家畜保健衛生所,NaI,H24.9.28,H24.9.28,-,-,<25
431,栃木県,栃木県,栃木県,那珂川町,-,非流通品,畜産物,牛肉,全頭検査,栃木県家畜保健衛生所,NaI,H24.9.28,H24.9.28,-,-,<25
432,栃木県,栃木県,栃木県,那須烏山市,-,非流通品,畜産物,牛肉,全頭検査,栃木県家畜保健衛生所,NaI,H24.9.28,H24.9.28,-,-,<25
433,栃木県,栃木県,栃木県,那須烏山市,-,非流通品,畜産物,牛肉,全頭検査,栃木県家畜保健衛生所,NaI,H24.9.28,H24.9.28,-,-,<25
434,栃木県,栃木県,栃木県,那須烏山市,-,非流通品,畜産物,牛肉,全頭検査,栃木県家畜保健衛生所,NaI,H24.9.28,H24.9.28,-,-,<25
435,栃木県,栃木県,栃木県,那須烏山市,-,非流通品,畜産物,牛肉,全頭検査,栃木県家畜保健衛生所,NaI,H24.9.28,H24.9.28,-,-,<25
436,栃木県,栃木県,栃木県,那須烏山市,-,非流通品,畜産物,牛肉,全頭検査,栃木県家畜保健衛生所,NaI,H24.9.28,H24.9.28,-,-,<25
437,栃木県,栃木県,栃木県,那須烏山市,-,非流通品,畜産物,牛肉,全頭検査,栃木県家畜保健衛生所,NaI,H24.9.28,H24.9.28,-,-,<25
438,栃木県,栃木県,栃木県,那須烏山市,-,非流通品,畜産物,牛肉,全頭検査,栃木県家畜保健衛生所,NaI,H24.9.28,H24.9.28,-,-,<25
439,栃木県,栃木県,栃木県,那須塩原市,-,非流通品,畜産物,牛肉,全頭検査,栃木県家畜保健衛生所,NaI,H24.9.28,H24.9.28,-,-,<25
440,栃木県,栃木県,栃木県,那須塩原市,-,非流通品,畜産物,牛肉,全頭検査,栃木県家畜保健衛生所,NaI,H24.9.28,H24.9.28,-,-,<25
441,栃木県,栃木県,栃木県,那須塩原市,-,非流通品,畜産物,牛肉,全頭検査,栃木県家畜保健衛生所,NaI,H24.9.28,H24.9.28,-,-,<25
442,栃木県,栃木県,北海道,-,-,非流通品,畜産物,牛肉,-,栃木県食肉衛生検査所,NaI,H24.10.4,H24.10.4,-,-,<25
443,栃木県,栃木県,北海道,-,-,非流通品,畜産物,牛肉,-,栃木県食肉衛生検査所,NaI,H24.10.4,H24.10.4,-,-,<25
444,栃木県,栃木県,栃木県,-,製造所（栃木市）,流通品,牛乳・乳児用食品,牛乳,-,栃木県保健環境センター,Ge,H24.10.3,H24.10.4,<1.5,<1.3,<2.8
445,栃木県,栃木県,栃木県,-,製造所（足利市）,流通品,牛乳・乳児用食品,牛乳,-,栃木県保健環境センター,Ge,H24.10.3,H24.10.4,<1.2,<1.5,<2.7
446,群馬県,群馬県,前橋市,-,-,非流通品,畜産物,牛肉,全頭検査,群馬県食肉衛生検査所,NaI,H24.10.3,H24.10.3,-,-,<25
447,群馬県,群馬県,前橋市,-,-,非流通品,畜産物,牛肉,全頭検査,群馬県食肉衛生検査所,NaI,H24.10.3,H24.10.3,-,-,<25
448,群馬県,群馬県,前橋市,-,-,非流通品,畜産物,牛肉,全頭検査,群馬県食肉衛生検査所,NaI,H24.10.3,H24.10.3,-,-,<25
449,群馬県,群馬県,前橋市,-,-,非流通品,畜産物,牛肉,全頭検査,群馬県食肉衛生検査所,NaI,H24.10.3,H24.10.3,-,-,<25
450,群馬県,群馬県,前橋市,-,-,非流通品,畜産物,牛肉,全頭検査,群馬県食肉衛生検査所,NaI,H24.10.3,H24.10.3,-,-,<25
451,群馬県,群馬県,前橋市,-,-,非流通品,畜産物,牛肉,全頭検査,群馬県食肉衛生検査所,NaI,H24.10.3,H24.10.3,-,-,<25
452,群馬県,群馬県,前橋市,-,-,非流通品,畜産物,牛肉,全頭検査,群馬県食肉衛生検査所,NaI,H24.10.3,H24.10.3,-,-,<25
453,群馬県,群馬県,前橋市,-,-,非流通品,畜産物,牛肉,全頭検査,群馬県食肉衛生検査所,NaI,H24.10.3,H24.10.3,-,-,<25
454,群馬県,群馬県,前橋市,-,-,非流通品,畜産物,牛肉,全頭検査,群馬県食肉衛生検査所,NaI,H24.10.3,H24.10.3,-,-,<25
455,群馬県,群馬県,前橋市,-,-,非流通品,畜産物,牛肉,全頭検査,群馬県食肉衛生検査所,NaI,H24.10.3,H24.10.3,-,-,<25
456,群馬県,群馬県,前橋市,-,-,非流通品,畜産物,牛肉,全頭検査,群馬県食肉衛生検査所,NaI,H24.10.3,H24.10.3,-,-,<25
457,群馬県,群馬県,前橋市,-,-,非流通品,畜産物,牛肉,全頭検査,群馬県食肉衛生検査所,NaI,H24.10.3,H24.10.3,-,-,<25
458,群馬県,群馬県,前橋市,-,-,非流通品,畜産物,牛肉,全頭検査,群馬県食肉衛生検査所,NaI,H24.10.3,H24.10.3,-,-,<25
459,群馬県,群馬県,前橋市,-,-,非流通品,畜産物,牛肉,全頭検査,群馬県食肉衛生検査所,NaI,H24.10.3,H24.10.3,-,-,<25
460,群馬県,群馬県,前橋市,-,-,非流通品,畜産物,牛肉,全頭検査,群馬県食肉衛生検査所,NaI,H24.10.3,H24.10.3,-,-,<25
461,群馬県,群馬県,前橋市,-,-,非流通品,畜産物,牛肉,全頭検査,群馬県食肉衛生検査所,NaI,H24.10.3,H24.10.3,-,-,<25
462,群馬県,群馬県,前橋市,-,-,非流通品,畜産物,牛肉,全頭検査,群馬県食肉衛生検査所,NaI,H24.10.3,H24.10.3,-,-,<25
463,群馬県,群馬県,前橋市,-,-,非流通品,畜産物,牛肉,全頭検査,群馬県食肉衛生検査所,NaI,H24.10.3,H24.10.3,-,-,<25
464,群馬県,群馬県,前橋市,-,-,非流通品,畜産物,牛肉,全頭検査,群馬県食肉衛生検査所,NaI,H24.10.3,H24.10.3,-,-,<25
465,群馬県,群馬県,前橋市,-,-,非流通品,畜産物,牛肉,全頭検査,群馬県食肉衛生検査所,NaI,H24.10.3,H24.10.3,-,-,<25
466,群馬県,群馬県,前橋市,-,-,非流通品,畜産物,牛肉,全頭検査,群馬県食肉衛生検査所,NaI,H24.10.2,H24.10.3,-,-,<25
467,群馬県,群馬県,前橋市,-,-,非流通品,畜産物,牛肉,全頭検査,群馬県食肉衛生検査所,NaI,H24.10.2,H24.10.3,-,-,<25
468,群馬県,群馬県,前橋市,-,-,非流通品,畜産物,牛肉,全頭検査,群馬県食肉衛生検査所,NaI,H24.10.2,H24.10.3,-,-,<25
469,群馬県,群馬県,前橋市,-,-,非流通品,畜産物,牛肉,全頭検査,群馬県食肉衛生検査所,NaI,H24.10.2,H24.10.3,-,-,<25
470,群馬県,群馬県,前橋市,-,-,非流通品,畜産物,牛肉,全頭検査,群馬県食肉衛生検査所,NaI,H24.10.2,H24.10.3,-,-,<25
471,群馬県,群馬県,前橋市,-,-,非流通品,畜産物,牛肉,全頭検査,群馬県食肉衛生検査所,NaI,H24.10.2,H24.10.3,-,-,<25
472,群馬県,群馬県,高崎市,-,-,非流通品,畜産物,牛肉,全頭検査,群馬県食肉衛生検査所,NaI,H24.10.3,H24.10.3,-,-,<25
473,群馬県,群馬県,高崎市,-,-,非流通品,畜産物,牛肉,全頭検査,群馬県食肉衛生検査所,NaI,H24.10.3,H24.10.3,-,-,<25
474,群馬県,群馬県,桐生市,-,-,非流通品,畜産物,牛肉,全頭検査,群馬県食肉衛生検査所,NaI,H24.10.2,H24.10.3,-,-,<25
475,群馬県,群馬県,桐生市,-,-,非流通品,畜産物,牛肉,全頭検査,群馬県食肉衛生検査所,NaI,H24.10.2,H24.10.3,-,-,<25
476,群馬県,群馬県,桐生市,-,-,非流通品,畜産物,牛肉,全頭検査,群馬県食肉衛生検査所,NaI,H24.10.2,H24.10.3,-,-,<25
477,群馬県,群馬県,桐生市,-,-,非流通品,畜産物,牛肉,全頭検査,群馬県食肉衛生検査所,NaI,H24.10.2,H24.10.3,-,-,<25
478,群馬県,群馬県,桐生市,-,-,非流通品,畜産物,牛肉,全頭検査,群馬県食肉衛生検査所,NaI,H24.10.2,H24.10.3,-,-,<25
479,群馬県,群馬県,桐生市,-,-,非流通品,畜産物,牛肉,全頭検査,群馬県食肉衛生検査所,NaI,H24.10.2,H24.10.3,-,-,<25
480,群馬県,群馬県,桐生市,-,-,非流通品,畜産物,牛肉,全頭検査,群馬県食肉衛生検査所,NaI,H24.10.2,H24.10.3,-,-,<25
481,群馬県,群馬県,桐生市,-,-,非流通品,畜産物,牛肉,全頭検査,群馬県食肉衛生検査所,NaI,H24.10.2,H24.10.3,-,-,<25
482,群馬県,群馬県,桐生市,-,-,非流通品,畜産物,牛肉,全頭検査,群馬県食肉衛生検査所,NaI,H24.10.2,H24.10.3,-,-,<25
483,群馬県,群馬県,桐生市,-,-,非流通品,畜産物,牛肉,全頭検査,群馬県食肉衛生検査所,NaI,H24.10.2,H24.10.3,-,-,<25
484,群馬県,群馬県,伊勢崎市,-,-,非流通品,畜産物,牛肉,全頭検査,群馬県食肉衛生検査所,NaI,H24.10.2,H24.10.3,-,-,<25
485,群馬県,群馬県,太田市,-,-,非流通品,畜産物,牛肉,全頭検査,群馬県食肉衛生検査所,NaI,H24.10.2,H24.10.3,-,-,<25
486,群馬県,群馬県,渋川市,-,-,非流通品,畜産物,牛肉,全頭検査,群馬県食肉衛生検査所,NaI,H24.10.3,H24.10.3,-,-,<25
487,群馬県,群馬県,渋川市,-,-,非流通品,畜産物,牛肉,全頭検査,群馬県食肉衛生検査所,NaI,H24.10.3,H24.10.3,-,-,<25
488,群馬県,群馬県,渋川市,-,-,非流通品,畜産物,牛肉,全頭検査,群馬県食肉衛生検査所,NaI,H24.10.3,H24.10.3,-,-,<25
489,群馬県,群馬県,渋川市,-,-,非流通品,畜産物,牛肉,全頭検査,群馬県食肉衛生検査所,NaI,H24.10.3,H24.10.3,-,-,<25
490,群馬県,群馬県,渋川市,-,-,非流通品,畜産物,牛肉,全頭検査,群馬県食肉衛生検査所,NaI,H24.10.3,H24.10.3,-,-,<25
491,群馬県,群馬県,渋川市,-,-,非流通品,畜産物,牛肉,全頭検査,群馬県食肉衛生検査所,NaI,H24.10.3,H24.10.3,-,-,<25
492,群馬県,群馬県,安中市,-,-,非流通品,畜産物,牛肉,全頭検査,群馬県食肉衛生検査所,NaI,H24.10.2,H24.10.3,-,-,<25
493,群馬県,群馬県,昭和村,-,-,非流通品,畜産物,牛肉,全頭検査,群馬県食肉衛生検査所,NaI,H24.10.3,H24.10.3,-,-,<25
494,群馬県,群馬県,昭和村,-,-,非流通品,畜産物,牛肉,全頭検査,群馬県食肉衛生検査所,NaI,H24.10.3,H24.10.3,-,-,<25
495,群馬県,群馬県,昭和村,-,-,非流通品,畜産物,牛肉,全頭検査,群馬県食肉衛生検査所,NaI,H24.10.3,H24.10.3,-,-,<25
496,群馬県,群馬県,昭和村,-,-,非流通品,畜産物,牛肉,全頭検査,群馬県食肉衛生検査所,NaI,H24.10.3,H24.10.3,-,-,<25
497,群馬県,群馬県,昭和村,-,-,非流通品,畜産物,牛肉,全頭検査,群馬県食肉衛生検査所,NaI,H24.10.3,H24.10.3,-,-,<25
498,群馬県,埼玉県,-,-,-,非流通品,畜産物,牛肉,全頭検査,群馬県食肉衛生検査所,NaI,H24.10.2,H24.10.3,-,-,<25
499,群馬県,埼玉県,-,-,-,非流通品,畜産物,牛肉,全頭検査,群馬県食肉衛生検査所,NaI,H24.10.2,H24.10.3,-,-,<25
500,群馬県,埼玉県,-,-,-,非流通品,畜産物,牛肉,全頭検査,群馬県食肉衛生検査所,NaI,H24.10.2,H24.10.3,-,-,<25
501,群馬県,埼玉県,-,-,-,非流通品,畜産物,牛肉,全頭検査,群馬県食肉衛生検査所,NaI,H24.10.2,H24.10.3,-,-,<25
502,群馬県,埼玉県,-,-,-,非流通品,畜産物,牛肉,全頭検査,群馬県食肉衛生検査所,NaI,H24.10.2,H24.10.3,-,-,<25
503,さいたま市,さいたま市,茨城県,-,-,非流通品,農産物,チンゲンサイ,-,さいたま市健康科学研究センター,Ge,H24.10.4,H24.10.4,<0.835,<0.941,<1.8
504,さいたま市,さいたま市,青森県,-,-,非流通品,農産物,ナガイモ,-,さいたま市健康科学研究センター,Ge,H24.10.4,H24.10.4,<0.766,<0.952,<1.7
505,さいたま市,さいたま市,埼玉県,さいたま市,-,非流通品,農産物,サトイモ,-,さいたま市健康科学研究センター,Ge,H24.10.4,H24.10.4,<1.10,<1.10,<2.2
506,さいたま市,さいたま市,埼玉県,さいたま市,-,非流通品,農産物,サツマイモ,-,さいたま市健康科学研究センター,Ge,H24.10.4,H24.10.4,<0.944,<1.12,<2.1
507,千葉県,千葉県,千葉県,銚子市,と畜場採取,非流通品,畜産物,牛肉,-,千葉県,NaI,H24.10.1,H24.10.1,<12.5,<12.5,<25
508,千葉県,千葉県,千葉県,銚子市,と畜場採取,非流通品,畜産物,牛肉,-,千葉県,NaI,H24.10.1,H24.10.1,<12.5,<12.5,<25
509,千葉県,千葉県,千葉県,銚子市,と畜場採取,非流通品,畜産物,牛肉,-,千葉県,NaI,H24.10.1,H24.10.1,<12.5,<12.5,<25
510,千葉県,千葉県,千葉県,銚子市,と畜場採取,非流通品,畜産物,牛肉,-,千葉県,NaI,H24.10.1,H24.10.1,<12.5,<12.5,<25
511,千葉県,千葉県,千葉県,銚子市,と畜場採取,非流通品,畜産物,牛肉,-,千葉県,NaI,H24.10.1,H24.10.1,<12.5,<12.5,<25
512,千葉県,千葉県,千葉県,銚子市,と畜場採取,非流通品,畜産物,牛肉,-,千葉県,NaI,H24.10.1,H24.10.1,<12.5,<12.5,<25
513,千葉県,千葉県,千葉県,銚子市,と畜場採取,非流通品,畜産物,牛肉,-,千葉県,NaI,H24.10.1,H24.10.1,<12.5,<12.5,<25
514,千葉県,千葉県,千葉県,匝瑳市,と畜場採取,非流通品,畜産物,牛肉,-,千葉県,NaI,H24.10.1,H24.10.1,<12.5,<12.5,<25
515,千葉県,千葉県,千葉県,匝瑳市,と畜場採取,非流通品,畜産物,牛肉,-,千葉県,NaI,H24.10.1,H24.10.1,<12.5,<12.5,<25
516,千葉県,千葉県,千葉県,匝瑳市,と畜場採取,非流通品,畜産物,牛肉,-,千葉県,NaI,H24.10.1,H24.10.1,<12.5,<12.5,<25
517,東京都,農林水産部,東京都,狛江市,-,非流通品,農産物,コマツナ,施設,東京都農林総合研究センター,Ge,H24.10.2,H24.10.3,<4,<6,<10
518,東京都,農林水産部,東京都,調布市,-,非流通品,農産物,ナス,露地,東京都農林総合研究センター,Ge,H24.10.2,H24.10.3,<5,<6,<11
519,東京都,農林水産部,東京都,国分寺市,-,非流通品,農産物,ナス,露地,東京都農林総合研究センター,Ge,H24.10.2,H24.10.3,<5,<5,<10
520,東京都,農林水産部,東京都,国立市,-,非流通品,農産物,ナス,露地,東京都農林総合研究センター,Ge,H24.10.2,H24.10.3,<4,<6,<10
521,東京都,農林水産部,東京都,昭島市,-,非流通品,農産物,ナス,露地,東京都農林総合研究センター,Ge,H24.10.2,H24.10.3,<5,<6,<11
522,東京都,農林水産部,東京都,立川市,-,非流通品,農産物,ピーマン,露地,東京都農林総合研究センター,Ge,H24.10.2,H24.10.3,<5,<5,<10
523,東京都,農林水産部,東京都,国立市,-,非流通品,農産物,コメ,露地,東京都農林総合研究センター,Ge,H24.9.29,H24.10.3,<2,<4,<6
524,東京都,農林水産部,東京都,青梅市,-,非流通品,農産物,コメ,露地,東京都農林総合研究センター,Ge,H24.9.24,H24.10.3,<5,<7,<12
525,東京都,農林水産部,東京都,日野市,-,非流通品,農産物,コメ,露地,東京都農林総合研究センター,Ge,H24.9.28,H24.10.3,<3,<3,<6
526,東京都,農林水産部,東京都,町田市,-,非流通品,牛乳・乳児用食品,原乳,-,東京都農林総合研究センター,Ge,H24.10.3,H24.10.3,<0.7,<0.8,<1.5
527,東京都,農林水産部,東京都,あきる野市,秋川上流域,非流通品,水産物,ヤマメ,-,(公財)海洋生物環境研究所,Ge,H24.9.28,H24.10.3,<4.2,<7.6,<12
528,江戸川区,江戸川区,岩手県,岩泉町,-,非流通品,農産物,シイタケ,原木栽培,江戸川区健康部生活衛生課保健衛生研究センター,NaI,H24.10.4,H24.10.4,<10,<10,<20
529,江戸川区,江戸川区,千葉県,-,房総沖,非流通品,水産物,マアジ,-,江戸川区健康部生活衛生課保健衛生研究センター,NaI,H24.10.4,H24.10.4,<10,<10,<20
530,新潟県,新潟県,新潟県,新潟市,-,非流通品,農産物,チンゲンサイ,-,（社）新潟県環境衛生中央研究所,Ge,H24.10.2,H24.10.4,<2.8,<3.5,<6.3
531,新潟県,新潟県,新潟県,新潟市,-,非流通品,農産物,ダイコン,-,（社）新潟県環境衛生中央研究所,Ge,H24.10.2,H24.10.4,<3.1,<3.5,<6.6
532,新潟県,新潟県,茨城県,-,-,非流通品,農産物,チンゲンサイ,-,（社）新潟県環境衛生中央研究所,Ge,H24.10.2,H24.10.4,<3.1,<3.4,<6.5
533,新潟県,新潟県,埼玉県,-,-,非流通品,農産物,キュウリ,-,（社）新潟県環境衛生中央研究所,Ge,H24.10.2,H24.10.4,<3.5,<2.8,<6.3
534,新潟県,新潟県,長野県,-,-,非流通品,農産物,ブドウ,-,（社）新潟県環境衛生中央研究所,Ge,H24.10.2,H24.10.4,<2.3,<2.8,<5.1
535,新潟県,新潟県,新潟県,新潟市,-,非流通品,牛乳・乳児用食品,原乳,-,新潟県放射線監視センター,Ge,H24.10.4,H24.10.4,<4.4,<4.1,<8.5
536,新潟県,新潟県,新潟県,聖籠町,-,非流通品,牛乳・乳児用食品,原乳,-,新潟県放射線監視センター,Ge,H24.10.4,H24.10.4,<4.0,<4.7,<8.7
537,新潟県,新潟県,宮城県,加美郡色麻町,-,非流通品,畜産物,鶏肉,-,（一財）新潟県環境分析センター,Ge,H24.10.4,H24.10.4,<4.0,<4.8,<8.8
538,新潟県,新潟県,群馬県,高崎市,-,非流通品,畜産物,豚肉,-,（社）新潟県環境衛生中央研究所,Ge,H24.10.2,H24.10.4,<2.3,<3.1,<5.4
539,新潟県,新潟県,新潟県,-,選別所：新潟県新潟市,流通品,畜産物,鶏卵,-,（社）新潟県環境衛生中央研究所,Ge,H24.10.2,H24.10.4,<2.5,<3.2,<5.7
540,新潟県,新潟県,-,-,製造所：岩手県,流通品,その他,清酒,-,（社）新潟県環境衛生中央研究所,Ge,H24.10.2,H24.10.4,<2.5,<2.4,<4.9
541,新潟県,新潟県,新潟県,-,製造所：新潟県,流通品,その他,米粉,-,（社）新潟県環境衛生中央研究所,Ge,H24.10.2,H24.10.4,<3.8,<4.1,<7.9
542,新潟県,新潟県,-,-,製造所：新潟県,流通品,その他,煎豆,-,（社）新潟県環境衛生中央研究所,Ge,H24.10.2,H24.10.4,<4.8,<4.2,<9.0
543,新潟市,新潟市,新潟県,新潟市,-,流通品,農産物,エダマメ,露地,新潟市衛生環境研究所,Ge,H24.10.4,H24.10.4,<3.6,<4.9,<8.5
544,新潟市,新潟市,新潟県,新潟市,-,流通品,農産物,メロン,露地,新潟市衛生環境研究所,Ge,H24.10.4,H24.10.4,<3.7,<4.3,<8.0
545,新潟市,新潟市,新潟県,新潟市,-,流通品,農産物,サトイモ,露地,新潟市衛生環境研究所,Ge,H24.10.4,H24.10.4,<3.4,<3.5,<6.9
546,新潟市,新潟市,新潟県,新潟市,-,流通品,農産物,ダイコン,露地,新潟市衛生環境研究所,Ge,H24.10.4,H24.10.4,<4.5,<4.4,<8.9
547,新潟市,新潟市,新潟県,新潟市,-,流通品,農産物,ネギ,露地,新潟市衛生環境研究所,Ge,H24.10.4,H24.10.4,<3.0,<3.8,<6.8
548,金沢市,金沢市,愛知県,-,-,非流通品,畜産物,牛肉,-,金沢市食肉衛生検査所,NaI,H24.10.3,H24.10.3,-,-,<25
549,金沢市,金沢市,岐阜県,-,-,非流通品,畜産物,牛肉,-,金沢市食肉衛生検査所,NaI,H24.10.3,H24.10.3,-,-,<25
550,金沢市,金沢市,愛知県,-,-,非流通品,畜産物,牛肉,-,金沢市食肉衛生検査所,NaI,H24.10.3,H24.10.3,-,-,<25
551,金沢市,金沢市,岐阜県,-,-,非流通品,畜産物,牛肉,-,金沢市食肉衛生検査所,NaI,H24.10.3,H24.10.3,-,-,<25
552,金沢市,金沢市,岐阜県,-,-,非流通品,畜産物,牛肉,-,金沢市食肉衛生検査所,NaI,H24.10.3,H24.10.3,-,-,<25
553,金沢市,金沢市,愛知県,-,-,非流通品,畜産物,牛肉,-,金沢市食肉衛生検査所,NaI,H24.10.3,H24.10.3,-,-,<25
554,金沢市,金沢市,長野県,-,-,非流通品,畜産物,牛肉,-,金沢市食肉衛生検査所,NaI,H24.10.3,H24.10.3,-,-,<25
555,金沢市,金沢市,岐阜県,-,-,非流通品,畜産物,牛肉,-,金沢市食肉衛生検査所,NaI,H24.10.3,H24.10.3,-,-,<25
556,金沢市,金沢市,愛知県,-,-,非流通品,畜産物,牛肉,-,金沢市食肉衛生検査所,NaI,H24.10.3,H24.10.3,-,-,<25
557,金沢市,金沢市,愛知県,-,-,非流通品,畜産物,牛肉,-,金沢市食肉衛生検査所,NaI,H24.10.3,H24.10.3,-,-,<25
558,金沢市,金沢市,静岡県,-,-,非流通品,畜産物,牛肉,-,金沢市食肉衛生検査所,NaI,H24.10.3,H24.10.3,-,-,<25
559,金沢市,金沢市,和歌山県,-,-,非流通品,畜産物,牛肉,-,金沢市食肉衛生検査所,NaI,H24.10.3,H24.10.3,-,-,<25
560,金沢市,金沢市,愛知県,-,-,非流通品,畜産物,牛肉,-,金沢市食肉衛生検査所,NaI,H24.10.3,H24.10.3,-,-,<25
561,金沢市,金沢市,滋賀県,-,-,非流通品,畜産物,牛肉,-,金沢市食肉衛生検査所,NaI,H24.10.3,H24.10.3,-,-,<25
562,金沢市,金沢市,兵庫県,-,-,非流通品,畜産物,牛肉,-,金沢市食肉衛生検査所,NaI,H24.10.3,H24.10.3,-,-,<25
563,金沢市,金沢市,兵庫県,-,-,非流通品,畜産物,牛肉,-,金沢市食肉衛生検査所,NaI,H24.10.3,H24.10.3,-,-,<25
564,金沢市,金沢市,岐阜県,-,-,非流通品,畜産物,牛肉,-,金沢市食肉衛生検査所,NaI,H24.10.3,H24.10.3,-,-,<25
565,金沢市,金沢市,岐阜県,-,-,非流通品,畜産物,牛肉,-,金沢市食肉衛生検査所,NaI,H24.10.3,H24.10.3,-,-,<25
566,金沢市,金沢市,岐阜県,-,-,非流通品,畜産物,牛肉,-,金沢市食肉衛生検査所,NaI,H24.10.3,H24.10.3,-,-,<25
567,金沢市,金沢市,岐阜県,-,-,非流通品,畜産物,牛肉,-,金沢市食肉衛生検査所,NaI,H24.10.3,H24.10.3,-,-,<25
568,長野県,長野県,長野県,佐久市,山林,非流通品,農産物,ハナイグチ,露地,長野県環境保全研究所,Ge,H24.9.27,H24.9.28,<3.4,13,13
569,長野県,長野県,長野県,佐久穂町,山林,非流通品,農産物,ハナイグチ,露地,長野県環境保全研究所,Ge,H24.9.27,H24.9.28,<4.4,20,20
570,長野県,長野県,長野県,佐久市,山林,非流通品,農産物,ナラタケモドキ,露地,長野県環境保全研究所,Ge,H24.9.27,H24.9.28,<5.1,<5.6,<11
571,長野県,長野県,長野県,佐久市,山林,非流通品,農産物,ナラタケモドキ,露地,長野県環境保全研究所,Ge,H24.9.27,H24.9.28,<3.5,<4.3,<7.9
572,長野県,長野県,長野県,佐久市,山林,非流通品,農産物,マイタケ,露地,長野県環境保全研究所,Ge,H24.9.27,H24.9.28,<5.7,6.3,6.3
573,浜松市,浜松市,北海道,-,-,流通品,農産物,バレイショ,-,浜松市保健環境研究所,Ge,H24.10.3,H24.10.4,<4.1,<5.3,<9.4
574,浜松市,浜松市,青森県,-,-,流通品,農産物,ナガイモ,-,浜松市保健環境研究所,Ge,H24.10.3,H24.10.4,<4.5,<5.1,<9.6
575,浜松市,浜松市,長野県,-,-,流通品,農産物,ハクサイ,-,浜松市保健環境研究所,Ge,H24.10.3,H24.10.4,<3.7,<4.6,<8.3
576,浜松市,浜松市,-,-,製造所所在地：東京都江東区,流通品,牛乳・乳児用食品,成分調整牛乳,-,浜松市保健環境研究所,Ge,H24.10.3,H24.10.4,<0.5,<0.5,<1.0
577,名古屋市,名古屋市,山梨県,富士吉田市,-,流通品,飲料水,ナチュラルミネラルウォーター,-,名古屋市衛生研究所,Ge,H24.10.3,H24.10.4,<1.0,<1.0,<2.0
578,名古屋市,名古屋市,-,-,製造所：群馬県,流通品,牛乳・乳児用食品,調製粉乳,-,名古屋市衛生研究所,Ge,H24.10.3,H24.10.4,<2.5,<2.5,<5.0
579,名古屋市,名古屋市,青森県,三沢市,-,流通品,農産物,ダイコン,-,名古屋市衛生研究所,Ge,H24.10.4,H24.10.4,<2.5,<2.5,<5.0
580,名古屋市,名古屋市,山梨県,南アルプス市,-,流通品,農産物,キュウリ,-,名古屋市衛生研究所,Ge,H24.10.4,H24.10.4,<2.5,<2.5,<5.0
581,名古屋市,名古屋市,茨城県,坂東市,-,流通品,農産物,ネギ,-,名古屋市衛生研究所,Ge,H24.10.4,H24.10.4,<2.5,<2.5,<5.0
582,名古屋市,名古屋市,長野県,駒ヶ根市,-,流通品,農産物,大豆もやし,-,名古屋市衛生研究所,Ge,H24.10.3,H24.10.3,<2.5,<2.5,<5.0
583,京都府,京都府,京都府,城陽市,-,非流通品,農産物,サツマイモ,露地,京都府農林水産技術センター,NaI,H24.10.2,H24.10.2,-,-,<25
584,京都府,京都府,京都府,精華町,-,非流通品,農産物,エダマメ,露地,京都府農林水産技術センター,NaI,H24.10.1,H24.10.2,-,-,<25
585,大阪市,大阪市,-,-,販売者：東京都,流通品,牛乳・乳児用食品,乳児用食品,肉・野菜煮物,大阪市立環境科学研究所,Ge,H24.10.1,H24.10.3,<3.1,<3.8,<6.9
586,大阪市,大阪市,-,-,販売者：東京都,流通品,牛乳・乳児用食品,乳児用食品,どんぶりもののもと,大阪市立環境科学研究所,Ge,H24.10.1,H24.10.3,<3.4,<4.0,<7.4
587,大阪市,大阪市,-,-,販売者：大阪市,流通品,牛乳・乳児用食品,乳児用食品,和風煮,大阪市立環境科学研究所,Ge,H24.10.1,H24.10.3,<3.7,<3.9,<7.6
588,大阪市,大阪市,-,-,販売者：東京都,流通品,牛乳・乳児用食品,乳児用食品,そうざい,大阪市立環境科学研究所,Ge,H24.10.1,H24.10.3,<3.2,<4.1,<7.3
589,大阪市,大阪市,-,-,販売者：東京都,流通品,牛乳・乳児用食品,乳児用食品,米飯類,大阪市立環境科学研究所,Ge,H24.10.1,H24.10.3,<3.7,<3.6,<7.3
590,大阪市,大阪市,佐賀,-,個体識別番号08405-53216,非流通品,畜産物,牛肉,-,大阪市食肉衛生検査所,NaI,H24.10.3,H24.10.3,-,-,<17
591,大阪市,大阪市,佐賀,-,個体識別番号08422-47793,非流通品,畜産物,牛肉,-,大阪市食肉衛生検査所,NaI,H24.10.3,H24.10.3,-,-,<17
592,大阪市,大阪市,佐賀,-,個体識別番号08405-52219,非流通品,畜産物,牛肉,-,大阪市食肉衛生検査所,NaI,H24.10.3,H24.10.3,-,-,<17
593,大阪市,大阪市,佐賀,-,個体識別番号08413-88374,非流通品,畜産物,牛肉,-,大阪市食肉衛生検査所,NaI,H24.10.3,H24.10.3,-,-,<17
594,大阪市,大阪市,佐賀,-,個体識別番号08413-65979,非流通品,畜産物,牛肉,-,大阪市食肉衛生検査所,NaI,H24.10.3,H24.10.3,-,-,<17
595,大阪市,大阪市,佐賀,-,個体識別番号08441-90783,非流通品,畜産物,牛肉,-,大阪市食肉衛生検査所,NaI,H24.10.3,H24.10.3,-,-,<17
596,大阪市,大阪市,佐賀,-,個体識別番号08455-28875,非流通品,畜産物,牛肉,-,大阪市食肉衛生検査所,NaI,H24.10.3,H24.10.3,-,-,<17
597,大阪市,大阪市,佐賀,-,個体識別番号08471-37617,非流通品,畜産物,牛肉,-,大阪市食肉衛生検査所,NaI,H24.10.3,H24.10.3,-,-,<17
598,大阪市,大阪市,熊本,-,個体識別番号08535-86256,非流通品,畜産物,牛肉,-,大阪市食肉衛生検査所,NaI,H24.10.3,H24.10.3,-,-,<17
599,大阪市,大阪市,鹿児島,-,個体識別番号08474-04900,非流通品,畜産物,牛肉,-,大阪市食肉衛生検査所,NaI,H24.10.3,H24.10.3,-,-,<17
600,大阪市,大阪市,-,-,販売者：東京都,流通品,牛乳・乳児用食品,乳児用食品,米飯類,大阪市立環境科学研究所,Ge,H24.10.1,H24.10.2,<3.6,<3.4,<7.0
601,大阪市,大阪市,-,-,販売者：東京都,流通品,牛乳・乳児用食品,乳児用食品,果実加工品,大阪市立環境科学研究所,Ge,H24.10.1,H24.10.2,<3.8,<3.8,<7.6
602,大阪市,大阪市,-,-,販売者：東京都,流通品,牛乳・乳児用食品,乳児用食品,シチュー,大阪市立環境科学研究所,Ge,H24.10.1,H24.10.2,<3.9,<3.9,<7.8
603,大阪市,大阪市,-,-,販売者：東京都,流通品,牛乳・乳児用食品,乳児用食品,米飯類,大阪市立環境科学研究所,Ge,H24.10.1,H24.10.2,<3.9,<3.8,<7.7
604,大阪市,大阪市,-,-,販売者：東京都,流通品,牛乳・乳児用食品,乳児用食品,洋風煮,大阪市立環境科学研究所,Ge,H24.10.1,H24.10.2,<3.5,<3.9,<7.4
605,大阪市,大阪市,青森県,-,-,流通品,水産物,ホタテ貝柱,-,大阪市中央卸売市場食品衛生検査所,NaI,H24.10.2,H24.10.2,-,-,<19
606,大阪市,大阪市,青森県,-,製造所：青森県,流通品,その他,しめさば,-,大阪市中央卸売市場食品衛生検査所,NaI,H24.10.2,H24.10.2,-,-,<19
607,大阪市,大阪市,-,-,製造所：兵庫県,流通品,その他,巻き寿司,-,大阪市中央卸売市場食品衛生検査所,NaI,H24.10.2,H24.10.2,-,-,<19
608,大阪市,大阪市,-,-,製造所：京都府,流通品,その他,だし巻,-,大阪市中央卸売市場食品衛生検査所,NaI,H24.10.2,H24.10.2,-,-,<19
609,大阪市,大阪市,-,-,製造所：兵庫県,流通品,その他,おにぎり,-,大阪市中央卸売市場食品衛生検査所,NaI,H24.10.2,H24.10.2,-,-,<19
610,大阪市,大阪市,-,-,製造所：岡山県,流通品,その他,シャコ（ボイル）,-,大阪市中央卸売市場食品衛生検査所,NaI,H24.10.2,H24.10.2,-,-,<19
611,大阪市,大阪市,-,-,製造所：大阪市,流通品,その他,おにぎり,-,大阪市中央卸売市場食品衛生検査所,NaI,H24.10.2,H24.10.2,-,-,<19
612,大阪市,大阪市,青森県,-,製造所：青森県,流通品,その他,ホタテ貝柱（ボイル）,-,大阪市中央卸売市場食品衛生検査所,NaI,H24.10.2,H24.10.2,-,-,<19
613,大阪市,大阪市,青森県,-,製造所：青森県,流通品,その他,しめさば,-,大阪市中央卸売市場食品衛生検査所,NaI,H24.10.2,H24.10.2,-,-,<19
614,大阪市,大阪市,-,-,製造所：石川県,流通品,その他,だし巻,-,大阪市中央卸売市場食品衛生検査所,NaI,H24.10.2,H24.10.2,-,-,<19
615,大阪市,大阪市,福島県,-,-,流通品,農産物,リンゴ,露地栽培,大阪市中央卸売市場食品衛生検査所,NaI,H24.10.2,H24.10.2,-,-,<19
616,大阪市,大阪市,青森県,-,-,流通品,農産物,リンゴ,露地栽培,大阪市中央卸売市場食品衛生検査所,NaI,H24.10.2,H24.10.2,-,-,<19
617,大阪市,大阪市,岩手県,-,-,流通品,農産物,リンゴ,露地栽培,大阪市中央卸売市場食品衛生検査所,NaI,H24.10.2,H24.10.2,-,-,<19
618,大阪市,大阪市,青森県,-,-,流通品,農産物,リンゴ,露地栽培,大阪市中央卸売市場食品衛生検査所,NaI,H24.10.2,H24.10.2,-,-,<19
619,大阪市,大阪市,群馬県,-,-,流通品,農産物,ナス,-,大阪市保健所東部生活衛生監視事務所,NaI,H24.10.2,H24.10.2,-,-,<22
620,大阪市,大阪市,群馬県,-,-,流通品,農産物,キャベツ,-,大阪市保健所東部生活衛生監視事務所,NaI,H24.10.2,H24.10.2,-,-,<22
621,大阪市,大阪市,北海道,-,-,流通品,農産物,ニンジン,-,大阪市保健所東部生活衛生監視事務所,NaI,H24.10.2,H24.10.2,-,-,<22
622,大阪市,大阪市,福島県,-,-,流通品,農産物,キュウリ,-,大阪市保健所東部生活衛生監視事務所,NaI,H24.10.2,H24.10.2,-,-,<22
623,大阪市,大阪市,岩手県,-,-,流通品,農産物,ダイコン,-,大阪市保健所東部生活衛生監視事務所,NaI,H24.10.2,H24.10.2,-,-,<22
624,大阪市,大阪市,-,-,販売者：東京都,流通品,牛乳・乳児用食品,乳児用食品,米飯類,大阪市立環境科学研究所,Ge,H24.10.1,H24.10.1,<3.4,<4.0,<7.4
625,大阪市,大阪市,-,-,販売者：東京都,流通品,牛乳・乳児用食品,乳児用食品,米飯類,大阪市立環境科学研究所,Ge,H24.10.1,H24.10.1,<3.8,<3.9,<7.7
626,神戸市,保健福祉局,千葉県,-,-,流通品,農産物,サツマイモ,-,神戸市環境保健研究所,Ge,H24.10.2,H24.10.3,<4.92,<4.38,<9.3
627,神戸市,保健福祉局,山形県,-,-,流通品,農産物,ナス,-,神戸市環境保健研究所,Ge,H24.10.2,H24.10.3,<4.97,<4.20,<9.2
628,神戸市,保健福祉局,長野県,-,-,流通品,農産物,ナシ,-,神戸市環境保健研究所,Ge,H24.10.2,H24.10.3,<4.98,<4.66,<9.6
629,神戸市,保健福祉局,千葉県,-,-,流通品,農産物,米,-,神戸市環境保健研究所,Ge,H24.10.2,H24.10.3,<4.99,<4.42,<9.4
630,神戸市,保健福祉局,群馬県,-,-,流通品,農産物,キャベツ,-,神戸市環境保健研究所,Ge,H24.10.2,H24.10.3,<4.94,<3.63,<8.6
631,神戸市,保健福祉局,秋田県,-,-,流通品,農産物,米,-,神戸市環境保健研究所,Ge,H24.10.2,H24.10.3,<4.95,<4.56,<9.5
632,神戸市,保健福祉局,茨城県,-,-,流通品,農産物,レタス,-,神戸市環境保健研究所,Ge,H24.10.2,H24.10.3,<4.98,<4.84,<9.8
633,香川県,香川県,北海道,厚真町,出荷元：島根県,非流通品,畜産物,牛肉,-,香川県食肉衛生検査所,NaI,H24.9.6,H24.9.6,<11,<11,<22
634,香川県,香川県,北海道,-,出荷元：島根県,非流通品,畜産物,牛肉,-,香川県食肉衛生検査所,NaI,H24.9.7,H24.9.7,<10,<10,<20
635,香川県,香川県,北海道,浦幌町,出荷元：島根県,非流通品,畜産物,牛肉,-,香川県食肉衛生検査所,NaI,H24.9.7,H24.9.7,<8,<9,<17
636,香川県,香川県,北海道,白糠町,-,非流通品,畜産物,牛肉,-,香川県食肉衛生検査所,NaI,H24.9.14,H24.9.14,<9,<11,<20
637,香川県,香川県,北海道,厚真町,出荷元：島根県,非流通品,畜産物,牛肉,-,香川県食肉衛生検査所,NaI,H24.9.21,H24.9.21,<8,<9,<17
638,香川県,香川県,栃木県,那須烏山市,-,非流通品,畜産物,牛肉,-,香川県食肉衛生検査所,NaI,H24.9.28,H24.9.28,<9,<10,<19
639,香川県,香川県,北海道,-,出荷元：香川県,非流通品,畜産物,牛肉,-,香川県食肉衛生検査所,NaI,H24.9.28,H24.9.28,<7,<10,<17
640,香川県,香川県,長野県,-,-,流通品,農産物,チンゲンサイ,-,香川県環境保健研究センター,Ge,H24.10.1,H24.10.1,<0.7,<0.7,<1.4
641,香川県,香川県,長野県,-,-,流通品,農産物,レタス,-,香川県環境保健研究センター,Ge,H24.10.1,H24.10.1,<0.6,<0.8,<1.4
642,香川県,香川県,長野県,-,-,流通品,農産物,ハクサイ,-,香川県環境保健研究センター,Ge,H24.10.1,H24.10.1,<0.6,<0.7,<1.3
643,香川県,香川県,群馬県,-,-,流通品,農産物,キャベツ,-,香川県環境保健研究センター,Ge,H24.10.1,H24.10.1,<0.7,<0.6,<1.4
1,-,緊急時モニタリング,福島県,会津若松市,-,非流通品,農産物,マコモタケ,-,福島県農業総合センター,Ge,H24.10.2,H24.10.03,<4.6,<4.3,<8.9
2,-,緊急時モニタリング,福島県,会津若松市,-,非流通品,農産物,カブ,-,福島県農業総合センター,Ge,H24.10.2,H24.10.03,<3.4,<2.9,<6.3
3,-,緊急時モニタリング,福島県,会津若松市,-,非流通品,農産物,シュンギク,-,福島県農業総合センター,Ge,H24.10.2,H24.10.03,<3.7,<2.7,<6.4
4,-,緊急時モニタリング,福島県,会津若松市,-,非流通品,農産物,サトイモ,-,福島県農業総合センター,Ge,H24.10.2,H24.10.03,<3.3,<2.5,<5.8
5,-,緊急時モニタリング,福島県,郡山市,-,非流通品,農産物,サツマイモ,-,福島県農業総合センター,Ge,H24.10.2,H24.10.03,<3.8,<4.0,<7.8
6,-,緊急時モニタリング,福島県,郡山市,-,非流通品,農産物,サトイモ,-,福島県農業総合センター,Ge,H24.10.2,H24.10.04,<3.2,<3.3,<6.5
7,-,緊急時モニタリング,福島県,郡山市,-,非流通品,農産物,トウガラシ,-,福島県農業総合センター,Ge,H24.10.3,H24.10.03,<8.6,<7.3,<16
8,-,緊急時モニタリング,福島県,郡山市,-,非流通品,農産物,カリフラワー,-,福島県農業総合センター,Ge,H24.10.3,H24.10.03,<4.1,<4.0,<8.1
9,-,緊急時モニタリング,福島県,郡山市,-,非流通品,農産物,ハクサイ,-,福島県農業総合センター,Ge,H24.10.3,H24.10.03,<3.9,<3.2,<7.1
10,-,緊急時モニタリング,福島県,郡山市,-,非流通品,農産物,トウモロコシ,-,福島県農業総合センター,Ge,H24.10.1,H24.10.03,<6.1,<4.8,<11
11,-,緊急時モニタリング,福島県,郡山市,-,非流通品,農産物,ネギ,-,福島県農業総合センター,Ge,H24.10.1,H24.10.03,<4.8,<4.0,<8.8
12,-,緊急時モニタリング,福島県,郡山市,-,非流通品,農産物,ネギ,-,福島県農業総合センター,Ge,H24.10.3,H24.10.03,<3.0,<2.9,<5.9
13,-,緊急時モニタリング,福島県,郡山市,-,非流通品,農産物,ネギ,-,福島県農業総合センター,Ge,H24.10.3,H24.10.03,<4.1,<3.5,<7.6
14,-,緊急時モニタリング,福島県,郡山市,-,非流通品,農産物,ハヤトウリ,-,福島県農業総合センター,Ge,H24.10.3,H24.10.04,<4.3,<3.8,<8.1
15,-,緊急時モニタリング,福島県,郡山市,-,非流通品,農産物,ミズナ,-,福島県農業総合センター,Ge,H24.10.3,H24.10.03,<4.2,<4.1,<8.3
16,-,緊急時モニタリング,福島県,いわき市,-,非流通品,農産物,シシトウガラシ,-,福島県農業総合センター,Ge,H24.10.1,H24.10.03,<4.2,<5.3,<9.5
17,-,緊急時モニタリング,福島県,いわき市,-,非流通品,農産物,ショウガ,-,福島県農業総合センター,Ge,H24.10.1,H24.10.04,<4.7,<4.6,<9.3
18,-,緊急時モニタリング,福島県,いわき市,-,非流通品,農産物,ナガイモ,-,福島県農業総合センター,Ge,H24.10.1,H24.10.04,<3.4,<3.5,<6.9
19,-,緊急時モニタリング,福島県,いわき市,-,非流通品,農産物,サツマイモ,-,福島県農業総合センター,Ge,H24.10.1,H24.10.04,<3.9,<3.7,<7.6
20,-,緊急時モニタリング,福島県,いわき市,-,非流通品,農産物,サツマイモ,-,福島県農業総合センター,Ge,H24.9.29,H24.10.04,<2.6,<3.2,<5.8
21,-,緊急時モニタリング,福島県,いわき市,-,非流通品,農産物,サツマイモ,-,福島県農業総合センター,Ge,H24.9.29,H24.10.04,<3.9,5.18,5.2
22,-,緊急時モニタリング,福島県,いわき市,-,非流通品,農産物,サツマイモ,-,福島県農業総合センター,Ge,H24.9.30,H24.10.04,<3.7,3.33,3.3
23,-,緊急時モニタリング,福島県,いわき市,-,非流通品,農産物,サツマイモ,-,福島県農業総合センター,Ge,H24.10.1,H24.10.04,<3.4,<2.6,<6
24,-,緊急時モニタリング,福島県,いわき市,-,非流通品,農産物,サツマイモ,-,福島県農業総合センター,Ge,H24.10.1,H24.10.04,<3.4,<3.1,<6.5
25,-,緊急時モニタリング,福島県,白河市,-,非流通品,農産物,ブロッコリー,-,福島県農業総合センター,Ge,H24.10.2,H24.10.03,<6.2,<4.7,<11
26,-,緊急時モニタリング,福島県,白河市,-,非流通品,農産物,ブロッコリー,-,福島県農業総合センター,Ge,H24.10.2,H24.10.03,<4.4,<2.7,<7.1
27,-,緊急時モニタリング,福島県,白河市,-,非流通品,農産物,ブロッコリー,-,福島県農業総合センター,Ge,H24.10.2,H24.10.03,<5.9,<5.5,<11
28,-,緊急時モニタリング,福島県,白河市,-,非流通品,農産物,ブロッコリー,-,福島県農業総合センター,Ge,H24.10.2,H24.10.03,<5.3,<3.6,<8.9
29,-,緊急時モニタリング,福島県,白河市,-,非流通品,農産物,ブロッコリー,-,福島県農業総合センター,Ge,H24.10.2,H24.10.03,<4.1,<3.7,<7.8
30,-,緊急時モニタリング,福島県,喜多方市,-,非流通品,農産物,ハクサイ,-,福島県農業総合センター,Ge,H24.10.2,H24.10.03,<4.5,<4.1,<8.6
31,-,緊急時モニタリング,福島県,喜多方市,-,非流通品,農産物,ハクサイ,-,福島県農業総合センター,Ge,H24.10.2,H24.10.03,<3.8,<3.3,<7.1
32,-,緊急時モニタリング,福島県,喜多方市,-,非流通品,農産物,ダイコン,-,福島県農業総合センター,Ge,H24.10.2,H24.10.03,<5.0,<3.6,<8.6
33,-,緊急時モニタリング,福島県,喜多方市,-,非流通品,農産物,シソ（実）,-,福島県農業総合センター,Ge,H24.10.2,H24.10.03,<7.0,<5.3,<12
34,-,緊急時モニタリング,福島県,喜多方市,-,非流通品,農産物,オータムポエム,-,福島県農業総合センター,Ge,H24.10.2,H24.10.03,<3.3,<3.9,<7.2
35,-,緊急時モニタリング,福島県,喜多方市,-,非流通品,農産物,オータムポエム,-,福島県農業総合センター,Ge,H24.10.2,H24.10.03,<3.6,<2.9,<6.5
36,-,緊急時モニタリング,福島県,喜多方市,-,非流通品,農産物,コマツナ,-,福島県農業総合センター,Ge,H24.10.2,H24.10.03,<5.1,<4.3,<9.4
37,-,緊急時モニタリング,福島県,喜多方市,-,非流通品,農産物,コマツナ,-,福島県農業総合センター,Ge,H24.10.1,H24.10.03,<4.6,<3.8,<8.4
38,-,緊急時モニタリング,福島県,喜多方市,-,非流通品,農産物,カブ,-,福島県農業総合センター,Ge,H24.10.2,H24.10.03,<4.2,<3.8,<8
39,-,緊急時モニタリング,福島県,喜多方市,-,非流通品,農産物,ニンジン,-,福島県農業総合センター,Ge,H24.9.30,H24.10.03,<4.3,<3.5,<7.8
40,-,緊急時モニタリング,福島県,喜多方市,-,非流通品,農産物,マコモタケ,-,福島県農業総合センター,Ge,H24.10.1,H24.10.03,<5.5,<3.2,<8.7
41,-,緊急時モニタリング,福島県,喜多方市,-,非流通品,農産物,ブロッコリー,-,福島県農業総合センター,Ge,H24.10.2,H24.10.03,<4.0,<3.9,<7.9
42,-,緊急時モニタリング,福島県,喜多方市,-,非流通品,農産物,ホウレンソウ,-,福島県農業総合センター,Ge,H24.10.2,H24.10.03,<3.8,<3.7,<7.5
43,-,緊急時モニタリング,福島県,喜多方市,-,非流通品,農産物,食用キク,-,福島県農業総合センター,Ge,H24.10.2,H24.10.03,<9.8,<7.3,<17
44,-,緊急時モニタリング,福島県,喜多方市,-,非流通品,農産物,食用キク,-,福島県農業総合センター,Ge,H24.10.1,H24.10.03,<6.5,<4.7,<11
45,-,緊急時モニタリング,福島県,喜多方市,-,非流通品,農産物,チンゲンサイ,-,福島県農業総合センター,Ge,H24.10.2,H24.10.03,<9.3,<6.9,<16
46,-,緊急時モニタリング,福島県,喜多方市,-,非流通品,農産物,ラッカセイ,-,福島県農業総合センター,Ge,H24.10.2,H24.10.03,<5.8,<3.3,<9.1
47,-,緊急時モニタリング,福島県,相馬市,-,非流通品,農産物,ネギ,-,福島県農業総合センター,Ge,H24.10.1,H24.10.03,<4.5,<3.8,<8.3
48,-,緊急時モニタリング,福島県,相馬市,-,非流通品,農産物,ネギ,-,福島県農業総合センター,Ge,H24.10.1,H24.10.03,<6.2,<5.0,<11
49,-,緊急時モニタリング,福島県,相馬市,-,非流通品,農産物,ハクサイ,-,福島県農業総合センター,Ge,H24.10.2,H24.10.03,<3.2,<2.9,<6.1
50,-,緊急時モニタリング,福島県,二本松市,-,非流通品,農産物,ネギ,-,福島県農業総合センター,Ge,H24.9.28,H24.10.03,<4.6,<3.2,<7.8
51,-,緊急時モニタリング,福島県,二本松市,-,非流通品,農産物,ネギ,-,福島県農業総合センター,Ge,H24.9.28,H24.10.03,<4.4,<3.4,<7.8
52,-,緊急時モニタリング,福島県,田村市,-,非流通品,農産物,ハクサイ,-,福島県農業総合センター,Ge,H24.10.1,H24.10.03,<3.9,<3.7,<7.6
53,-,緊急時モニタリング,福島県,田村市,-,非流通品,農産物,ハクサイ,-,福島県農業総合センター,Ge,H24.10.1,H24.10.03,<4.5,<2.9,<7.4
54,-,緊急時モニタリング,福島県,田村市,-,非流通品,農産物,ハクサイ,-,福島県農業総合センター,Ge,H24.10.1,H24.10.03,<5.3,<4.0,<9.3
55,-,緊急時モニタリング,福島県,田村市,-,非流通品,農産物,ハクサイ,-,福島県農業総合センター,Ge,H24.10.1,H24.10.03,<5.1,10.9,11
56,-,緊急時モニタリング,福島県,田村市,-,非流通品,農産物,ハクサイ,-,福島県農業総合センター,Ge,H24.10.1,H24.10.03,<2.8,<3.5,<6.3
57,-,緊急時モニタリング,福島県,田村市,-,非流通品,農産物,ホウレンソウ,-,福島県農業総合センター,Ge,H24.10.1,H24.10.03,<4.7,<3.5,<8.2
58,-,緊急時モニタリング,福島県,田村市,-,非流通品,農産物,ミズナ,-,福島県農業総合センター,Ge,H24.10.1,H24.10.03,<5.2,<4.3,<9.5
59,-,緊急時モニタリング,福島県,本宮市,-,非流通品,農産物,ネギ,-,福島県農業総合センター,Ge,H24.9.28,H24.10.03,<5.4,<4.2,<9.6
60,-,緊急時モニタリング,福島県,本宮市,-,非流通品,農産物,サツマイモ,-,福島県農業総合センター,Ge,H24.10.1,H24.10.03,<4.0,<3.2,<7.2
61,-,緊急時モニタリング,福島県,大玉村,-,非流通品,農産物,ネギ,-,福島県農業総合センター,Ge,H24.10.2,H24.10.03,<3.8,<4.4,<8.2
62,-,緊急時モニタリング,福島県,天栄村,-,非流通品,農産物,ゴボウ,-,福島県農業総合センター,Ge,H24.10.2,H24.10.03,<4.1,<3.3,<7.4
63,-,緊急時モニタリング,福島県,天栄村,-,非流通品,農産物,ダイコン,-,福島県農業総合センター,Ge,H24.10.2,H24.10.03,<4.2,<3.5,<7.7
64,-,緊急時モニタリング,福島県,北塩原村,-,非流通品,農産物,サトイモ,-,福島県農業総合センター,Ge,H24.10.2,H24.10.04,<3.3,<3.0,<6.3
65,-,緊急時モニタリング,福島県,北塩原村,-,非流通品,農産物,ダイコン,-,福島県農業総合センター,Ge,H24.10.2,H24.10.03,<5.4,<3.7,<9.1
66,-,緊急時モニタリング,福島県,北塩原村,-,非流通品,農産物,キャベツ,-,福島県農業総合センター,Ge,H24.10.2,H24.10.03,<5.3,<4.2,<9.5
67,-,緊急時モニタリング,福島県,北塩原村,-,非流通品,農産物,ブロッコリー,-,福島県農業総合センター,Ge,H24.10.2,H24.10.03,<3.3,<4.0,<7.3
68,-,緊急時モニタリング,福島県,北塩原村,-,非流通品,農産物,レタス,-,福島県農業総合センター,Ge,H24.10.2,H24.10.03,<4.4,<3.9,<8.3
69,-,緊急時モニタリング,福島県,北塩原村,-,非流通品,農産物,ハクサイ,-,福島県農業総合センター,Ge,H24.10.2,H24.10.03,<6.8,<4.4,<11
70,-,緊急時モニタリング,福島県,北塩原村,-,非流通品,農産物,ハナマメ,-,福島県農業総合センター,Ge,H24.10.2,H24.10.04,<5.4,<4.5,<9.9
71,-,緊急時モニタリング,福島県,北塩原村,-,非流通品,農産物,カブ,-,福島県農業総合センター,Ge,H24.10.2,H24.10.03,<3.2,<2.8,<6
72,-,緊急時モニタリング,福島県,磐梯町,-,非流通品,農産物,ハクサイ,-,福島県農業総合センター,Ge,H24.10.2,H24.10.03,<4.5,<3.4,<7.9
73,-,緊急時モニタリング,福島県,磐梯町,-,非流通品,農産物,ブロッコリー,-,福島県農業総合センター,Ge,H24.10.2,H24.10.03,<4.3,<2.7,<7
74,-,緊急時モニタリング,福島県,磐梯町,-,非流通品,農産物,オータムポエム,-,福島県農業総合センター,Ge,H24.10.2,H24.10.03,<3.9,<3.5,<7.4
75,-,緊急時モニタリング,福島県,磐梯町,-,非流通品,農産物,コマツナ,-,福島県農業総合センター,Ge,H24.10.2,H24.10.03,<3.6,<3.6,<7.2
76,-,緊急時モニタリング,福島県,猪苗代町,-,非流通品,農産物,シソ（実）,-,福島県農業総合センター,Ge,H24.10.2,H24.10.03,<9.6,<7.8,<17
77,-,緊急時モニタリング,福島県,猪苗代町,-,非流通品,農産物,ナガイモ,-,福島県農業総合センター,Ge,H24.10.2,H24.10.03,<5.2,<2.5,<7.7
78,-,緊急時モニタリング,福島県,会津美里町,-,非流通品,農産物,ナガイモ,-,福島県農業総合センター,Ge,H24.10.1,H24.10.03,<3.6,<2.7,<6.3
79,-,緊急時モニタリング,福島県,会津美里町,-,非流通品,農産物,ブロッコリー,-,福島県農業総合センター,Ge,H24.10.2,H24.10.03,<5.3,<4.0,<9.3
80,-,緊急時モニタリング,福島県,泉崎村,-,非流通品,農産物,ブロッコリー,-,福島県農業総合センター,Ge,H24.10.2,H24.10.03,<4.3,<4.6,<8.9
81,-,緊急時モニタリング,福島県,矢吹町,-,非流通品,農産物,ブロッコリー,-,福島県農業総合センター,Ge,H24.10.2,H24.10.03,<5.9,<4.1,<10
82,-,緊急時モニタリング,福島県,矢吹町,-,非流通品,農産物,ブロッコリー,-,福島県農業総合センター,Ge,H24.10.2,H24.10.03,<4.4,<4.8,<9.2
83,-,緊急時モニタリング,福島県,石川町,-,非流通品,農産物,ダイコン,-,福島県農業総合センター,Ge,H24.10.2,H24.10.03,<5.5,<4.2,<9.7
84,-,緊急時モニタリング,福島県,石川町,-,非流通品,農産物,ハクサイ,-,福島県農業総合センター,Ge,H24.10.2,H24.10.03,<5.3,<4.9,<10
85,-,緊急時モニタリング,福島県,玉川村,-,非流通品,農産物,アピオス,-,福島県農業総合センター,Ge,H24.10.2,H24.10.04,<3.3,<2.6,<5.9
86,-,緊急時モニタリング,福島県,玉川村,-,非流通品,農産物,茎ブロッコリー,-,福島県農業総合センター,Ge,H24.10.2,H24.10.03,<3.8,<4.2,<8
87,-,緊急時モニタリング,福島県,玉川村,-,非流通品,農産物,ハヤトウリ,-,福島県農業総合センター,Ge,H24.10.2,H24.10.03,<3.7,<3.3,<7
88,-,緊急時モニタリング,福島県,平田村,-,非流通品,農産物,カリフラワー,-,福島県農業総合センター,Ge,H24.10.3,H24.10.03,<3.6,<3.1,<6.7
89,-,緊急時モニタリング,福島県,平田村,-,非流通品,農産物,サトイモ,-,福島県農業総合センター,Ge,H24.10.2,H24.10.03,<4.8,<3.7,<8.5
90,-,緊急時モニタリング,福島県,平田村,-,非流通品,農産物,ハクサイ,-,福島県農業総合センター,Ge,H24.10.2,H24.10.03,<4.6,<4.2,<8.8
91,-,緊急時モニタリング,福島県,平田村,-,非流通品,農産物,パプリカ,-,福島県農業総合センター,Ge,H24.10.2,H24.10.03,<3.6,<3.2,<6.8
92,-,緊急時モニタリング,福島県,浅川町,-,非流通品,農産物,サトイモ,-,福島県農業総合センター,Ge,H24.10.2,H24.10.03,<3.6,<3.2,<6.8
93,-,緊急時モニタリング,福島県,浅川町,-,非流通品,農産物,ニンジン,-,福島県農業総合センター,Ge,H24.10.2,H24.10.03,<3.2,<2.2,<5.4
94,-,緊急時モニタリング,福島県,古殿町,-,非流通品,農産物,ゴボウ,-,福島県農業総合センター,Ge,H24.10.1,H24.10.03,<4.5,<3.9,<8.4
95,-,緊急時モニタリング,福島県,古殿町,-,非流通品,農産物,ハヤトウリ,-,福島県農業総合センター,Ge,H24.10.1,H24.10.03,<5.1,<4.3,<9.4
96,-,緊急時モニタリング,福島県,小野町,-,非流通品,農産物,ゴボウ,-,福島県農業総合センター,Ge,H24.10.2,H24.10.03,<4.1,<4.0,<8.1
97,-,緊急時モニタリング,福島県,小野町,-,非流通品,農産物,サツマイモ,-,福島県農業総合センター,Ge,H24.10.2,H24.10.03,<3.7,<2.8,<6.5
98,-,緊急時モニタリング,福島県,小野町,-,非流通品,農産物,サツマイモ,-,福島県農業総合センター,Ge,H24.10.2,H24.10.03,<3.8,<2.9,<6.7
99,-,緊急時モニタリング,福島県,小野町,-,非流通品,農産物,サトイモ,-,福島県農業総合センター,Ge,H24.10.2,H24.10.03,<4.5,<3.2,<7.7
100,-,緊急時モニタリング,福島県,福島市,-,非流通品,農産物,日本ナシ,-,福島県農業総合センター,Ge,H24.10.1,H24.10.04,<4.5,<4.0,<8.5
101,-,緊急時モニタリング,福島県,福島市,-,非流通品,農産物,日本ナシ,-,福島県農業総合センター,Ge,H24.10.2,H24.10.04,<3.1,6.68,6.7
102,-,緊急時モニタリング,福島県,福島市,-,非流通品,農産物,西洋ナシ,-,福島県農業総合センター,Ge,H24.10.1,H24.10.04,<4.1,4.92,4.9
103,-,緊急時モニタリング,福島県,福島市,-,非流通品,農産物,リンゴ,-,福島県農業総合センター,Ge,H24.10.2,H24.10.04,<4.0,<3.3,<7.3
104,-,緊急時モニタリング,福島県,福島市,-,非流通品,農産物,カキ,-,福島県農業総合センター,Ge,H24.10.2,H24.10.04,<4.6,7.19,7.2
105,-,緊急時モニタリング,福島県,会津若松市,-,非流通品,農産物,カキ,-,福島県農業総合センター,Ge,H24.10.2,H24.10.03,<3.8,<3.6,<7.4
106,-,緊急時モニタリング,福島県,会津若松市,-,非流通品,農産物,カキ,-,福島県農業総合センター,Ge,H24.10.2,H24.10.03,<2.9,<2.0,<4.9
107,-,緊急時モニタリング,福島県,会津若松市,-,非流通品,農産物,イチジク,-,福島県農業総合センター,Ge,H24.10.2,H24.10.03,<3.2,<2.3,<5.5
108,-,緊急時モニタリング,福島県,会津若松市,-,非流通品,農産物,西洋ナシ,-,福島県農業総合センター,Ge,H24.10.2,H24.10.03,<2.9,<1.9,<4.8
109,-,緊急時モニタリング,福島県,郡山市,-,非流通品,農産物,クリ,-,福島県農業総合センター,Ge,H24.10.2,H24.10.03,29.4,43.2,73
110,-,緊急時モニタリング,福島県,いわき市,-,非流通品,農産物,クリ,-,福島県農業総合センター,Ge,H24.10.1,H24.10.04,<7.1,<7.6,<15
111,-,緊急時モニタリング,福島県,いわき市,-,非流通品,農産物,クリ,-,福島県農業総合センター,Ge,H24.10.1,H24.10.04,33.3,39.8,73
112,-,緊急時モニタリング,福島県,いわき市,-,非流通品,農産物,クリ,-,福島県農業総合センター,Ge,H24.10.1,H24.10.04,<8.4,10.2,10
113,-,緊急時モニタリング,福島県,白河市,-,非流通品,農産物,リンゴ,-,福島県農業総合センター,Ge,H24.10.1,H24.10.03,<3.8,<3.2,<7
114,-,緊急時モニタリング,福島県,須賀川市,-,非流通品,農産物,リンゴ,-,福島県農業総合センター,Ge,H24.10.2,H24.10.04,<4.1,<3.6,<7.7
115,-,緊急時モニタリング,福島県,須賀川市,-,非流通品,農産物,リンゴ,-,福島県農業総合センター,Ge,H24.10.2,H24.10.04,<5.2,<4.6,<9.8
116,-,緊急時モニタリング,福島県,喜多方市,-,非流通品,農産物,ナツハゼ,-,福島県農業総合センター,Ge,H24.10.2,H24.10.03,<9.9,<8.0,<18
117,-,緊急時モニタリング,福島県,喜多方市,-,非流通品,農産物,カキ,-,福島県農業総合センター,Ge,H24.10.2,H24.10.04,<4.6,<3.4,<8
118,-,緊急時モニタリング,福島県,喜多方市,-,非流通品,農産物,イチジク,-,福島県農業総合センター,Ge,H24.10.2,H24.10.04,<4.1,<3.8,<7.9
119,-,緊急時モニタリング,福島県,喜多方市,-,非流通品,農産物,クリ,-,福島県農業総合センター,Ge,H24.10.2,H24.10.04,<10,<7.6,<18
120,-,緊急時モニタリング,福島県,相馬市,-,非流通品,農産物,ブドウ（施設）,-,福島県農業総合センター,Ge,H24.10.1,H24.10.03,<2.8,<3.1,<5.9
121,-,緊急時モニタリング,福島県,相馬市,-,非流通品,農産物,西洋ナシ,-,福島県農業総合センター,Ge,H24.9.28,H24.10.03,<4.6,<4.4,<9
122,-,緊急時モニタリング,福島県,田村市,-,非流通品,農産物,イチジク,-,福島県農業総合センター,Ge,H24.10.1,H24.10.03,<3.7,<2.9,<6.6
123,-,緊急時モニタリング,福島県,田村市,-,非流通品,農産物,西洋ナシ,-,福島県農業総合センター,Ge,H24.10.1,H24.10.03,<3.8,<3.4,<7.2
124,-,緊急時モニタリング,福島県,田村市,-,非流通品,農産物,ナツハゼ,-,福島県農業総合センター,Ge,H24.10.2,H24.10.03,<8.7,<7.7,<16
125,-,緊急時モニタリング,福島県,南相馬市,-,非流通品,農産物,ポポー,-,福島県農業総合センター,Ge,H24.9.28,H24.10.03,<9.5,9.83,9.8
126,-,緊急時モニタリング,福島県,大玉村,-,非流通品,農産物,西洋ナシ,-,福島県農業総合センター,Ge,H24.10.2,H24.10.03,<3.5,<3.1,<6.6
127,-,緊急時モニタリング,福島県,鏡石町,-,非流通品,農産物,リンゴ,-,福島県農業総合センター,Ge,H24.10.2,H24.10.04,<4.4,<3.7,<8.1
128,-,緊急時モニタリング,福島県,猪苗代町,-,非流通品,農産物,クリ,-,福島県農業総合センター,Ge,H24.10.2,H24.10.03,<8.1,<7.3,<15
129,-,緊急時モニタリング,福島県,猪苗代町,-,非流通品,農産物,ブドウ,-,福島県農業総合センター,Ge,H24.10.2,H24.10.03,<3.2,<2.9,<6.1
130,-,緊急時モニタリング,福島県,会津美里町,-,非流通品,農産物,カキ,-,福島県農業総合センター,Ge,H24.10.2,H24.10.03,<3.2,<2.6,<5.8
131,-,緊急時モニタリング,福島県,会津美里町,-,非流通品,農産物,カキ,-,福島県農業総合センター,Ge,H24.10.2,H24.10.03,<4.3,<2.3,<6.6
132,-,緊急時モニタリング,福島県,会津美里町,-,非流通品,農産物,カキ,-,福島県農業総合センター,Ge,H24.10.2,H24.10.03,<3.2,<2.6,<5.8
133,-,緊急時モニタリング,福島県,塙町,-,非流通品,農産物,リンゴ,-,福島県農業総合センター,Ge,H24.10.1,H24.10.03,<4.9,<3.8,<8.7
134,-,緊急時モニタリング,福島県,石川町,-,非流通品,農産物,リンゴ,-,福島県農業総合センター,Ge,H24.10.1,H24.10.04,<3.6,<3.6,<7.2
135,-,緊急時モニタリング,福島県,石川町,-,非流通品,農産物,リンゴ,-,福島県農業総合センター,Ge,H24.10.1,H24.10.04,<4.1,<4.3,<8.4
136,-,緊急時モニタリング,福島県,玉川村,-,非流通品,農産物,リンゴ,-,福島県農業総合センター,Ge,H24.10.1,H24.10.04,<4.2,<3.2,<7.4
137,-,緊急時モニタリング,福島県,玉川村,-,非流通品,農産物,イチジク,-,福島県農業総合センター,Ge,H24.9.28,H24.10.04,<3.8,<3.7,<7.5
138,-,緊急時モニタリング,福島県,平田村,-,非流通品,農産物,リンゴ,-,福島県農業総合センター,Ge,H24.10.2,H24.10.04,<4.5,<3.4,<7.9
139,-,緊急時モニタリング,福島県,古殿町,-,非流通品,農産物,クリ,-,福島県農業総合センター,Ge,H24.9.27,H24.10.03,<11,<8.2,<19
140,-,緊急時モニタリング,福島県,郡山市,-,非流通品,畜産物,牛肉,-,福島県農業総合センター,Ge,H24.10.3,H24.10.03,<7.8,<7.7,<16
141,-,緊急時モニタリング,福島県,郡山市,-,非流通品,畜産物,牛肉,-,福島県農業総合センター,Ge,H24.10.3,H24.10.03,<7.4,<7.6,<15
142,-,緊急時モニタリング,福島県,郡山市,-,非流通品,畜産物,牛肉,-,福島県農業総合センター,Ge,H24.10.3,H24.10.03,<9.2,<7.0,<16
143,-,緊急時モニタリング,福島県,郡山市,-,非流通品,畜産物,牛肉,-,福島県農業総合センター,Ge,H24.10.3,H24.10.03,<7.6,<7.5,<15
144,-,緊急時モニタリング,福島県,郡山市,-,非流通品,畜産物,牛肉,-,福島県農業総合センター,Ge,H24.10.3,H24.10.03,<8.1,<7.2,<15
145,-,緊急時モニタリング,福島県,郡山市,-,非流通品,畜産物,牛肉,-,福島県農業総合センター,Ge,H24.10.3,H24.10.03,<8.6,<8.9,<18
146,-,緊急時モニタリング,福島県,郡山市,-,非流通品,畜産物,牛肉,-,福島県農業総合センター,Ge,H24.10.3,H24.10.03,<9.6,<7.0,<17
147,-,緊急時モニタリング,福島県,郡山市,-,非流通品,畜産物,牛肉,-,福島県農業総合センター,Ge,H24.10.3,H24.10.03,<8.3,<6.6,<15
148,-,緊急時モニタリング,福島県,郡山市,-,非流通品,畜産物,牛肉,-,福島県農業総合センター,Ge,H24.10.3,H24.10.03,<7.3,<5.2,<13
149,-,緊急時モニタリング,福島県,郡山市,-,非流通品,畜産物,牛肉,-,福島県農業総合センター,Ge,H24.10.3,H24.10.03,<8.4,<7.5,<16
150,-,緊急時モニタリング,福島県,郡山市,-,非流通品,畜産物,牛肉,-,福島県農業総合センター,Ge,H24.10.3,H24.10.03,<7.1,<6.2,<13
151,-,緊急時モニタリング,福島県,郡山市,-,非流通品,畜産物,牛肉,-,福島県農業総合センター,Ge,H24.10.3,H24.10.03,<8.5,<7.4,<16
152,-,緊急時モニタリング,福島県,平田村,-,非流通品,畜産物,牛肉,-,福島県農業総合センター,Ge,H24.10.3,H24.10.03,<5.7,<7.3,<13
153,-,緊急時モニタリング,福島県,玉川村,-,非流通品,畜産物,牛肉,-,福島県農業総合センター,Ge,H24.10.3,H24.10.03,<7.6,<7.6,<15
154,-,緊急時モニタリング,福島県,大玉村,-,非流通品,畜産物,牛肉,-,福島県農業総合センター,Ge,H24.10.3,H24.10.03,<7.3,<8.0,<15
155,-,緊急時モニタリング,福島県,大玉村,-,非流通品,畜産物,牛肉,-,福島県農業総合センター,Ge,H24.10.3,H24.10.03,<8.6,<6.4,<15
156,-,緊急時モニタリング,福島県,郡山市,-,非流通品,その他,はちみつ,-,福島県農業総合センター,Ge,H24.9.26,H24.10.04,<5.9,<5.0,<11
157,-,緊急時モニタリング,福島県,郡山市,-,非流通品,その他,はちみつ,-,福島県農業総合センター,Ge,H24.10.3,H24.10.04,<5.8,<5.5,<11
158,-,緊急時モニタリング,福島県,猪苗代町,-,非流通品,その他,はちみつ,-,福島県農業総合センター,Ge,H24.10.1,H24.10.04,<7.1,<5.7,<13
159,-,福島県,福島県,福島市,-,非流通品,野生鳥獣肉,ツキノワグマ,-,福島県原子力センター福島支所,Ge,H24.8.26,H24.10.4,107,177,280
160,-,福島県,福島県,会津美里町,-,非流通品,野生鳥獣肉,ツキノワグマ,-,福島県原子力センター福島支所,Ge,H24.8.25,H24.10.4,10.8,19.7,31
161,-,福島県,福島県,会津美里町,-,非流通品,野生鳥獣肉,ツキノワグマ,-,福島県原子力センター福島支所,Ge,H24.8.25,H24.10.4,24.1,34.4,59
162,-,福島県,福島県,川俣町,-,非流通品,野生鳥獣肉,イノシシ,-,福島県原子力センター福島支所,Ge,H24.8.27,H24.10.4,2420,4060,6500
163,-,福島県,福島県,田村市,-,非流通品,野生鳥獣肉,イノシシ,-,福島県原子力センター福島支所,Ge,H24.8.27,H24.10.4,453,739,1200
164,-,福島県,福島県,田村市,-,非流通品,野生鳥獣肉,イノシシ,-,福島県原子力センター福島支所,Ge,H24.8.27,H24.10.4,314,477,790
165,-,福島県,福島県,二本松市,-,非流通品,野生鳥獣肉,イノシシ,-,福島県原子力センター福島支所,Ge,H24.8.28,H24.10.4,159,257,420
166,-,福島県,福島県,二本松市,-,非流通品,野生鳥獣肉,イノシシ,-,福島県原子力センター福島支所,Ge,H24.7.20,H24.10.4,634,969,1600
167,-,福島県,福島県,二本松市,-,非流通品,野生鳥獣肉,イノシシ,-,福島県原子力センター福島支所,Ge,H24.7.25,H24.10.4,91.9,141,230
168,-,福島県,福島県,二本松市,-,非流通品,野生鳥獣肉,イノシシ,-,福島県原子力センター福島支所,Ge,H24.7.27,H24.10.4,67.0,106,170
169,-,福島県,福島県,二本松市,-,非流通品,野生鳥獣肉,イノシシ,-,福島県原子力センター福島支所,Ge,H24.8.12,H24.10.4,391,616,1000
170,-,福島県,福島県,二本松市,-,非流通品,野生鳥獣肉,イノシシ,-,福島県原子力センター福島支所,Ge,H24.8.27,H24.10.4,343,573,920
171,-,福島県,福島県,郡山市,-,非流通品,野生鳥獣肉,ツキノワグマ,-,福島県原子力センター福島支所,Ge,H24.8.30,H24.10.4,174,261,440
172,-,福島県,福島県,西会津町,-,非流通品,野生鳥獣肉,ツキノワグマ,-,福島県原子力センター福島支所,Ge,H24.8.30,H24.10.4,9.60,17.1,27
173,-,福島県,福島県,いわき市,-,非流通品,野生鳥獣肉,イノシシ,-,福島県原子力センター福島支所,Ge,H24.9.2,H24.10.4,53.8,85.2,140
174,-,福島県,福島県,川俣町,-,非流通品,野生鳥獣肉,カルガモ,-,福島県原子力センター福島支所,Ge,H24.8.29,H24.10.4,10.0,24.6,35
175,-,福島県,福島県,桑折町,-,非流通品,野生鳥獣肉,カルガモ,-,福島県原子力センター福島支所,Ge,H24.9.2,H24.10.4,24.1,44.4,69
176,-,福島県,福島県,郡山市,-,非流通品,野生鳥獣肉,ツキノワグマ,-,福島県原子力センター福島支所,Ge,H24.9.2,H24.10.4,97.8,166,260
177,-,福島県,福島県,磐梯町,-,非流通品,野生鳥獣肉,ツキノワグマ,-,福島県原子力センター福島支所,Ge,H24.9.4,H24.10.4,36.5,63.2,100
178,-,福島県,福島県,鮫川村,-,非流通品,野生鳥獣肉,イノシシ,-,福島県原子力センター福島支所,Ge,H24.9.1,H24.10.4,72.3,110,180
179,-,福島県,福島県,郡山市,-,非流通品,野生鳥獣肉,ヤマドリ,-,福島県原子力センター福島支所,Ge,H24.9.4,H24.10.4,63.5,104,170
180,-,福島県,福島県,須賀川市,-,非流通品,野生鳥獣肉,イノシシ,-,福島県原子力センター福島支所,Ge,H24.9.4,H24.10.4,31.5,47.7,79
181,-,福島県,福島県,柳津町,-,非流通品,野生鳥獣肉,ツキノワグマ,-,福島県原子力センター福島支所,Ge,H24.8.30,H24.10.4,10.5,17.7,28
182,-,福島県,福島県,南会津町,-,非流通品,野生鳥獣肉,ツキノワグマ,-,福島県原子力センター福島支所,Ge,H24.9.6,H24.10.4,15.8,27.3,43
183,-,福島県,福島県,田村市,-,非流通品,野生鳥獣肉,イノシシ,-,福島県原子力センター福島支所,Ge,H24.9.7,H24.10.4,127,204,330
184,-,福島県,福島県,郡山市,-,非流通品,野生鳥獣肉,ツキノワグマ,-,福島県原子力センター福島支所,Ge,H24.9.6,H24.10.4,14.6,23.4,38
185,-,福島県,福島県,郡山市,-,非流通品,野生鳥獣肉,ツキノワグマ,-,福島県原子力センター福島支所,Ge,H24.9.10,H24.10.4,41.7,64.9,110
186,-,福島県,福島県,会津美里町,-,非流通品,野生鳥獣肉,ツキノワグマ,-,福島県原子力センター福島支所,Ge,H24.9.8,H24.10.4,8.52,16.1,25
187,-,福島県,福島県,郡山市,-,非流通品,野生鳥獣肉,イノシシ,-,福島県原子力センター福島支所,Ge,H24.9.7,H24.10.4,51.6,81.8,130
188,-,福島県,福島県,磐梯町,-,非流通品,野生鳥獣肉,ツキノワグマ,-,福島県原子力センター福島支所,Ge,H24.9.12,H24.10.4,20.9,39.7,61
189,-,福島県,福島県,相馬市,-,非流通品,野生鳥獣肉,イノシシ,-,福島県原子力センター福島支所,Ge,H24.9.12,H24.10.4,485,793,1300
190,-,福島県,福島県,郡山市,-,非流通品,野生鳥獣肉,ツキノワグマ,-,福島県原子力センター福島支所,Ge,H24.9.16,H24.10.4,102,162,260
191,-,福島県,福島県,相馬市,-,非流通品,野生鳥獣肉,カルガモ,-,福島県原子力センター福島支所,Ge,H24.9.18,H24.10.4,8.67,13.8,22
192,-,福島県,福島県,南相馬市,-,非流通品,野生鳥獣肉,イノシシ,-,福島県原子力センター福島支所,Ge,H24.9.17,H24.10.4,276,462,740
193,-,福島県,福島県,古殿町,-,非流通品,野生鳥獣肉,ヤマドリ,-,福島県原子力センター福島支所,Ge,H24.9.17,H24.10.4,12.0,28.3,40
194,-,福島県,福島県,会津若松市,-,非流通品,野生鳥獣肉,カルガモ,-,福島県原子力センター福島支所,Ge,H24.9.19,H24.10.4,<6.1,<5.2,<11
195,-,福島県,福島県,郡山市,-,非流通品,野生鳥獣肉,キジ,-,福島県原子力センター福島支所,Ge,H24.9.19,H24.10.4,9.14,11.6,21
196,-,福島県,福島県,大玉村,-,非流通品,野生鳥獣肉,ツキノワグマ,-,福島県原子力センター福島支所,Ge,H24.9.16,H24.10.4,95.1,148,240
197,-,福島県,福島県,国見町,-,非流通品,野生鳥獣肉,キジ,-,福島県原子力センター福島支所,Ge,H24.9.22,H24.10.4,21.4,34.8,56
198,-,福島県,福島県,南相馬市,-,非流通品,野生鳥獣肉,イノシシ,-,福島県原子力センター福島支所,Ge,H24.9.24,H24.10.4,444,727,1200
199,-,福島県,福島県,西会津町,-,非流通品,野生鳥獣肉,ツキノワグマ,-,福島県原子力センター福島支所,Ge,H24.9.21,H24.10.4,<5.9,9.17,9.2
200,-,福島県,福島県,福島市,-,非流通品,野生鳥獣肉,キジ,-,福島県原子力センター福島支所,Ge,H24.9.20,H24.10.4,38.7,60.6,99
201,-,福島県,福島県,福島市,-,非流通品,野生鳥獣肉,ヤマドリ,-,福島県原子力センター福島支所,Ge,H24.9.23,H24.10.4,7.34,7.14,14
202,-,福島県,福島県,二本松市,-,非流通品,野生鳥獣肉,ツキノワグマ,-,福島県原子力センター福島支所,Ge,H24.9.19,H24.10.4,80.4,134,210
1,-,国立医薬品食品衛生研究所,茨城県,-,-,流通品,水産物,カレイ,-,冷凍食品検査協会,NaI,H24.9.21,H24.9.27,-,-,<25
2,-,国立医薬品食品衛生研究所,茨城県,-,-,流通品,その他,カチリ,乾物,冷凍食品検査協会,NaI,H24.9.21,H24.9.27,-,-,<25
3,-,国立医薬品食品衛生研究所,栃木県,-,-,流通品,畜産物,米,-,冷凍食品検査協会,NaI,H24.9.20,H24.9.27,-,-,<25
4,-,国立医薬品食品衛生研究所,栃木県,-,-,流通品,農産物,米,-,冷凍食品検査協会,NaI,H24.9.20,H24.9.27,-,-,<25
5,-,国立医薬品食品衛生研究所,栃木県,-,-,流通品,農産物,米,-,冷凍食品検査協会,NaI,H24.9.20,H24.9.27,-,-,<25
6,-,国立医薬品食品衛生研究所,神奈川県,-,-,流通品,農産物,米,-,冷凍食品検査協会,NaI,H24.9.24,H24.9.27,-,-,<25
7,-,国立医薬品食品衛生研究所,神奈川県,-,-,流通品,農産物,米粉,-,冷凍食品検査協会,NaI,H24.9.24,H24.9.27,-,-,<25
8,-,国立医薬品食品衛生研究所,千葉県,-,-,流通品,農産物,米,-,冷凍食品検査協会,NaI,H24.9.26,H24.9.28,-,-,<25
9,-,国立医薬品食品衛生研究所,長野県,-,-,流通品,農産物,米,-,冷凍食品検査協会,NaI,H24.9.26,H24.9.28,-,-,<25
10,-,国立医薬品食品衛生研究所,東京都,-,-,流通品,その他,ハチミツ,-,冷凍食品検査協会,NaI,H24.9.26,H24.9.28,-,-,<25
11,-,国立医薬品食品衛生研究所,神奈川県,-,-,流通品,農産物,ササゲ,-,冷凍食品検査協会,NaI,H24.9.24,H24.9.27,-,-,<25
12,-,国立医薬品食品衛生研究所,神奈川県,-,-,流通品,農産物,カボス,-,冷凍食品検査協会,NaI,H24.9.24,H24.9.28,-,-,<25
13,-,国立医薬品食品衛生研究所,神奈川県,-,-,流通品,農産物,シイタケ,-,冷凍食品検査協会,NaI,H24.9.24,H24.9.28,-,-,<25
14,-,国立医薬品食品衛生研究所,神奈川県,-,-,流通品,農産物,カキ,-,冷凍食品検査協会,NaI,H24.9.24,H24.9.28,-,-,<25
15,-,国立医薬品食品衛生研究所,東京都,-,-,流通品,農産物,ササゲ,-,冷凍食品検査協会,NaI,H24.9.26,H24.9.28,-,-,<25
16,-,国立医薬品食品衛生研究所,東京都,-,-,流通品,農産物,ニガウリ,-,冷凍食品検査協会,NaI,H24.9.26,H24.9.28,-,-,<25
17,-,国立医薬品食品衛生研究所,東京都,-,-,流通品,農産物,ブドウ,-,冷凍食品検査協会,NaI,H24.9.26,H24.9.28,-,-,<25
18,-,国立医薬品食品衛生研究所,東京都,-,-,流通品,農産物,メロン,-,冷凍食品検査協会,NaI,H24.9.26,H24.9.28,-,-,<25
19,-,国立医薬品食品衛生研究所,東京都,-,-,流通品,農産物,カキ,-,冷凍食品検査協会,NaI,H24.9.26,H24.9.28,-,-,<25
20,-,国立医薬品食品衛生研究所,千葉県,-,-,流通品,水産物,ハマグリ,-,国立医薬品食品衛生研究所,NaI,H24.10.1,H24.10.3,-,-,<25
21,-,国立医薬品食品衛生研究所,宮城県,-,-,流通品,水産物,イワシ,-,国立医薬品食品衛生研究所,NaI,H24.10.1,H24.10.3,-,-,<25
22,-,国立医薬品食品衛生研究所,青森県,-,-,流通品,水産物,カレイ,-,国立医薬品食品衛生研究所,NaI,H24.10.1,H24.10.3,-,-,<25
23,-,国立医薬品食品衛生研究所,青森県,-,-,流通品,水産物,ワカサギ,-,国立医薬品食品衛生研究所,NaI,H24.10.1,H24.10.3,-,-,<25
24,-,国立医薬品食品衛生研究所,群馬県,-,-,流通品,畜産物,豚肉,-,国立医薬品食品衛生研究所,NaI,H24.10.1,H24.10.3,-,-,<25
25,-,国立医薬品食品衛生研究所,茨城県,-,-,流通品,農産物,シメジ,-,国立医薬品食品衛生研究所,NaI,H24.10.1,H24.10.3,-,-,<25
26,-,国立医薬品食品衛生研究所,栃木県,-,-,流通品,農産物,ナシ,-,国立医薬品食品衛生研究所,NaI,H24.10.1,H24.10.3,-,-,<25
27,-,国立医薬品食品衛生研究所,栃木県,-,-,流通品,農産物,ナス,-,国立医薬品食品衛生研究所,NaI,H24.10.1,H24.10.3,-,-,<25
28,-,国立医薬品食品衛生研究所,千葉県,-,-,流通品,農産物,ナシ,-,国立医薬品食品衛生研究所,NaI,H24.10.1,H24.10.3,-,-,<25
29,-,国立医薬品食品衛生研究所,群馬県,-,-,流通品,農産物,マイタケ,-,国立医薬品食品衛生研究所,NaI,H24.10.1,H24.10.3,-,-,<25
30,-,国立医薬品食品衛生研究所,新潟県,-,-,流通品,農産物,ナメコ,-,国立医薬品食品衛生研究所,NaI,H24.10.1,H24.10.3,-,-,<25
31,-,国立医薬品食品衛生研究所,岩手県,-,-,流通品,農産物,リンゴ,-,国立医薬品食品衛生研究所,NaI,H24.10.1,H24.10.3,-,-,<25
32,-,国立医薬品食品衛生研究所,千葉県,-,-,流通品,農産物,大豆,-,国立医薬品食品衛生研究所,Ge,H24.9.23,H24.10.3,<5.4,9.6,9.6
33,-,国立医薬品食品衛生研究所,茨城県,-,-,流通品,農産物,クリ,-,国立医薬品食品衛生研究所,Ge,H24.10.1,H24.10.3,6.6,9.5,16.1
34,-,国立医薬品食品衛生研究所,千葉県,-,-,流通品,農産物,シイタケ,原木,国立医薬品食品衛生研究所,Ge,H24.9.23,H24.10.3,12,22,33
35,-,国立医薬品食品衛生研究所,千葉県,-,-,流通品,農産物,シイタケ,原木,国立医薬品食品衛生研究所,Ge,H24.9.24,H24.10.4,23,36,59
